y_true,z_plain,z_transformed,class_plain,class_transformed,action_plain,action_transformed,operational_margin,transformation_error,error_to_margin_ratio,classification_disagreement,operational_action_disagreement,near_operational_boundary,transformation_type,configuration_id,simulated_sigma
1,2.8332824615872276,2.8363296323847718,1,1,ACTION_1,ACTION_1,1.9859846012000242,0.00304717079754413,0.0015343375752777174,False,False,False,SIMULATED_METHOD_VALIDATION,sigma_0.01,0.01
1,5.685447193746231,5.675047352683826,1,1,ACTION_1,ACTION_1,4.838149333359028,0.010399841062405102,0.0021495494135946205,False,False,False,SIMULATED_METHOD_VALIDATION,sigma_0.01,0.01
0,-12.954214692234583,-12.946710180276519,0,0,ACTION_0,ACTION_0,12.106916831847379,0.007504511958064342,0.0006198532675407202,False,False,False,SIMULATED_METHOD_VALIDATION,sigma_0.01,0.01
0,-13.602830700444716,-13.593425053280804,0,0,ACTION_0,ACTION_0,12.755532840057512,0.00940564716391279,0.0007373778329647874,False,False,False,SIMULATED_METHOD_VALIDATION,sigma_0.01,0.01
0,0.4754401414300311,0.4559297895434927,1,1,REVIEW,REVIEW,0.37185771895717235,0.01951035188653838,0.05246724995047213,False,False,True,SIMULATED_METHOD_VALIDATION,sigma_0.01,0.01
0,-4.962623475134766,-4.9756452702033895,0,0,ACTION_0,ACTION_0,4.1153256147475625,0.013021795068623554,0.003164219866821479,False,False,False,SIMULATED_METHOD_VALIDATION,sigma_0.01,0.01
0,-5.686292471547457,-5.685014067515784,0,0,ACTION_0,ACTION_0,4.8389946111602535,0.0012784040316731193,0.000264187942826949,False,False,False,SIMULATED_METHOD_VALIDATION,sigma_0.01,0.01
1,3.100483483435312,3.097321057511876,1,1,ACTION_1,ACTION_1,2.2531856230481084,0.003162425923435741,0.0014035354615646858,False,False,False,SIMULATED_METHOD_VALIDATION,sigma_0.01,0.01
1,6.479704597615388,6.4795365860403455,1,1,ACTION_1,ACTION_1,5.632406737228185,0.00016801157504264808,2.9829446430448983e-05,False,False,False,SIMULATED_METHOD_VALIDATION,sigma_0.01,0.01
0,-15.205132179141163,-15.2136626184169,0,0,ACTION_0,ACTION_0,14.357834318753959,0.008530439275736157,0.0005941313352943377,False,False,False,SIMULATED_METHOD_VALIDATION,sigma_0.01,0.01
0,-12.928766935939262,-12.919972956190634,0,0,ACTION_0,ACTION_0,12.081469075552057,0.008793979748627834,0.0007278899357051904,False,False,False,SIMULATED_METHOD_VALIDATION,sigma_0.01,0.01
1,8.909057859891398,8.916835779245687,1,1,ACTION_1,ACTION_1,8.061759999504194,0.007777919354289509,0.0009647917272119064,False,False,False,SIMULATED_METHOD_VALIDATION,sigma_0.01,0.01
0,-2.443560563865283,-2.4429002568896707,0,0,ACTION_0,ACTION_0,1.5962627034780796,0.0006603069756123681,0.00041365808658789827,False,False,False,SIMULATED_METHOD_VALIDATION,sigma_0.01,0.01
0,-11.933831774861407,-11.922559362791727,0,0,ACTION_0,ACTION_0,11.086533914474202,0.01127241206967966,0.001016766119748462,False,False,False,SIMULATED_METHOD_VALIDATION,sigma_0.01,0.01
1,2.1311686486357644,2.135843742058285,1,1,ACTION_1,ACTION_1,1.283870788248561,0.004675093422520593,0.003641404933668046,False,False,True,SIMULATED_METHOD_VALIDATION,sigma_0.01,0.01
0,-2.9705950850747733,-2.9791880097036056,0,0,ACTION_0,ACTION_0,2.12329722468757,0.008592924628832321,0.004046972100242215,False,False,False,SIMULATED_METHOD_VALIDATION,sigma_0.01,0.01
1,4.381688198493954,4.385375706334779,1,1,ACTION_1,ACTION_1,3.5343903381067507,0.003687507840824722,0.0010433221823484247,False,False,False,SIMULATED_METHOD_VALIDATION,sigma_0.01,0.01
1,4.086248850490957,4.076660024482667,1,1,ACTION_1,ACTION_1,3.2389509901037536,0.009588826008290141,0.002960472707857485,False,False,False,SIMULATED_METHOD_VALIDATION,sigma_0.01,0.01
1,4.915741589117683,4.924526092130756,1,1,ACTION_1,ACTION_1,4.06844372873048,0.008784503013072431,0.0021591801678460362,False,False,False,SIMULATED_METHOD_VALIDATION,sigma_0.01,0.01
1,5.720201028618742,5.719701769508879,1,1,ACTION_1,ACTION_1,4.872903168231539,0.0004992591098629262,0.00010245619349011526,False,False,False,SIMULATED_METHOD_VALIDATION,sigma_0.01,0.01
1,6.838847380389783,6.836998756754331,1,1,ACTION_1,ACTION_1,5.99154952000258,0.0018486236354524621,0.00030853848896364726,False,False,False,SIMULATED_METHOD_VALIDATION,sigma_0.01,0.01
1,6.895073792527683,6.888264497083643,1,1,ACTION_1,ACTION_1,6.047775932140479,0.00680929544403952,0.0011259172827240505,False,False,False,SIMULATED_METHOD_VALIDATION,sigma_0.01,0.01
0,2.6064364007504217,2.618661814137162,1,1,ACTION_1,ACTION_1,1.7591385403632183,0.012225413386740325,0.006949659225939125,False,False,False,SIMULATED_METHOD_VALIDATION,sigma_0.01,0.01
0,-5.662890680384169,-5.664435975204857,0,0,ACTION_0,ACTION_0,4.815592819996966,0.0015452948206879924,0.00032089399549544264,False,False,False,SIMULATED_METHOD_VALIDATION,sigma_0.01,0.01
1,6.124791303862647,6.1205080256410165,1,1,ACTION_1,ACTION_1,5.277493443475444,0.00428327822163066,0.0008116122298410563,False,False,False,SIMULATED_METHOD_VALIDATION,sigma_0.01,0.01
1,8.181410697080242,8.17788936157536,1,1,ACTION_1,ACTION_1,7.334112836693039,0.003521335504881762,0.0004801310783308778,False,False,False,SIMULATED_METHOD_VALIDATION,sigma_0.01,0.01
1,1.1370365414498487,1.1423596333053823,1,1,ACTION_1,ACTION_1,0.2897386810626452,0.00532309185553359,0.018372044202074177,False,False,True,SIMULATED_METHOD_VALIDATION,sigma_0.01,0.01
0,0.5421966101057514,0.5458510507493921,1,1,REVIEW,REVIEW,0.3051012502814521,0.003654440643640733,0.01197779635537238,False,False,True,SIMULATED_METHOD_VALIDATION,sigma_0.01,0.01
1,4.844376678166977,4.848504004282937,1,1,ACTION_1,ACTION_1,3.997078817779774,0.004127326115959562,0.0010325856216796185,False,False,False,SIMULATED_METHOD_VALIDATION,sigma_0.01,0.01
1,4.828414573920913,4.832722783950992,1,1,ACTION_1,ACTION_1,3.9811167135337096,0.004308210030078641,0.0010821611974934032,False,False,False,SIMULATED_METHOD_VALIDATION,sigma_0.01,0.01
0,-39.95566756709209,-39.93425109108339,0,0,ACTION_0,ACTION_0,39.10836970670489,0.021416476008703,0.0005476187365854649,False,False,False,SIMULATED_METHOD_VALIDATION,sigma_0.01,0.01
0,-2.748492457584458,-2.7525566077483044,0,0,ACTION_0,ACTION_0,1.9011945971972546,0.004064150163846314,0.0021376823655178136,False,False,False,SIMULATED_METHOD_VALIDATION,sigma_0.01,0.01
1,10.342035612655767,10.336913185365052,1,1,ACTION_1,ACTION_1,9.494737752268563,0.0051224272907148816,0.0005395017139352784,False,False,False,SIMULATED_METHOD_VALIDATION,sigma_0.01,0.01
0,-15.921893766136574,-15.930031493419053,0,0,ACTION_0,ACTION_0,15.07459590574937,0.00813772728247919,0.0005398305422817673,False,False,False,SIMULATED_METHOD_VALIDATION,sigma_0.01,0.01
1,6.812852322495189,6.819012116720944,1,1,ACTION_1,ACTION_1,5.965554462107986,0.0061597942257547444,0.0010325602196544397,False,False,False,SIMULATED_METHOD_VALIDATION,sigma_0.01,0.01
1,6.314599824154026,6.3258895470812355,1,1,ACTION_1,ACTION_1,5.467301963766823,0.011289722927209311,0.00206495324421975,False,False,False,SIMULATED_METHOD_VALIDATION,sigma_0.01,0.01
1,3.0325436600223767,3.031404185445828,1,1,ACTION_1,ACTION_1,2.1852457996351733,0.001139474576548949,0.0005214400031059134,False,False,False,SIMULATED_METHOD_VALIDATION,sigma_0.01,0.01
1,6.852079322309017,6.843677757539392,1,1,ACTION_1,ACTION_1,6.004781461921813,0.008401564769624947,0.0013991458012089003,False,False,False,SIMULATED_METHOD_VALIDATION,sigma_0.01,0.01
1,1.1522605747221029,1.1440157625651906,1,1,ACTION_1,ACTION_1,0.3049627143348994,0.008244812156912307,0.027035476041369903,False,False,True,SIMULATED_METHOD_VALIDATION,sigma_0.01,0.01
1,4.950312248316049,4.956818176194296,1,1,ACTION_1,ACTION_1,4.103014387928845,0.0065059278782468866,0.001585645884495912,False,False,False,SIMULATED_METHOD_VALIDATION,sigma_0.01,0.01
1,3.2547401547179184,3.262172696429953,1,1,ACTION_1,ACTION_1,2.407442294330715,0.007432541712034446,0.0030873187405311172,False,False,False,SIMULATED_METHOD_VALIDATION,sigma_0.01,0.01
1,6.783458090389772,6.788889633072824,1,1,ACTION_1,ACTION_1,5.936160230002568,0.005431542683052015,0.0009149926000312269,False,False,False,SIMULATED_METHOD_VALIDATION,sigma_0.01,0.01
1,7.135469633182346,7.128814536109459,1,1,ACTION_1,ACTION_1,6.288171772795143,0.006655097072886917,0.001058351666167776,False,False,False,SIMULATED_METHOD_VALIDATION,sigma_0.01,0.01
0,-26.040160230352836,-26.03783861712217,0,0,ACTION_0,ACTION_0,25.19286236996563,0.002321613230666486,9.215361067642165e-05,False,False,False,SIMULATED_METHOD_VALIDATION,sigma_0.01,0.01
1,8.769595055402682,8.77076191349409,1,1,ACTION_1,ACTION_1,7.922297195015479,0.0011668580914072635,0.00014728784627537363,False,False,False,SIMULATED_METHOD_VALIDATION,sigma_0.01,0.01
1,4.1047784704809835,4.106965356448273,1,1,ACTION_1,ACTION_1,3.25748061009378,0.0021868859672897756,0.0006713427427667227,False,False,False,SIMULATED_METHOD_VALIDATION,sigma_0.01,0.01
0,-10.169408530996787,-10.160694243217305,0,0,ACTION_0,ACTION_0,9.322110670609582,0.008714287779481467,0.0009347977177481449,False,False,False,SIMULATED_METHOD_VALIDATION,sigma_0.01,0.01
1,5.653868087146023,5.656104042633769,1,1,ACTION_1,ACTION_1,4.8065702267588195,0.002235955487746466,0.00046518731283662573,False,False,False,SIMULATED_METHOD_VALIDATION,sigma_0.01,0.01
0,-4.4902364043650245,-4.483447268734306,0,0,ACTION_0,ACTION_0,3.642938543977821,0.00678913563071859,0.0018636426469345138,False,False,False,SIMULATED_METHOD_VALIDATION,sigma_0.01,0.01
1,8.551947665141736,8.552623455836624,1,1,ACTION_1,ACTION_1,7.704649804754532,0.000675790694888434,8.771205856383041e-05,False,False,False,SIMULATED_METHOD_VALIDATION,sigma_0.01,0.01
1,6.467557905672912,6.470449099659811,1,1,ACTION_1,ACTION_1,5.6202600452857086,0.0028911939868994097,0.000514423525531448,False,False,False,SIMULATED_METHOD_VALIDATION,sigma_0.01,0.01
0,-9.153303774979445,-9.14699089272106,0,0,ACTION_0,ACTION_0,8.306005914592241,0.006312882258384889,0.0007600382570513497,False,False,False,SIMULATED_METHOD_VALIDATION,sigma_0.01,0.01
0,-0.7713139467044172,-0.7858855049029739,0,0,REVIEW,REVIEW,0.07598391368278634,0.014571558198556711,0.19177161970610368,False,False,True,SIMULATED_METHOD_VALIDATION,sigma_0.01,0.01
0,-3.0873103719449624,-3.0905070841085354,0,0,ACTION_0,ACTION_0,2.240012511557759,0.003196712163572979,0.001427095673385283,False,False,False,SIMULATED_METHOD_VALIDATION,sigma_0.01,0.01
1,5.647746729328464,5.643043002785536,1,1,ACTION_1,ACTION_1,4.8004488689412605,0.004703726542928166,0.000979851399597466,False,False,False,SIMULATED_METHOD_VALIDATION,sigma_0.01,0.01
0,-11.466636846645581,-11.473025625128015,0,0,ACTION_0,ACTION_0,10.619338986258377,0.006388778482433466,0.0006016173408439701,False,False,False,SIMULATED_METHOD_VALIDATION,sigma_0.01,0.01
0,-0.49230568619243087,-0.4950571087046977,0,0,REVIEW,REVIEW,0.3549921741947727,0.0027514225122668434,0.007750656809570194,False,False,True,SIMULATED_METHOD_VALIDATION,sigma_0.01,0.01
0,-19.756457846697632,-19.741508433585288,0,0,ACTION_0,ACTION_0,18.909159986310428,0.01494941311234399,0.0007905910745462434,False,False,False,SIMULATED_METHOD_VALIDATION,sigma_0.01,0.01
1,16.77564862949741,16.76699031834048,1,1,ACTION_1,ACTION_1,15.928350769110207,0.00865831115693183,0.0005435786342502491,False,False,False,SIMULATED_METHOD_VALIDATION,sigma_0.01,0.01
1,5.81785823659845,5.827541020144365,1,1,ACTION_1,ACTION_1,4.970560376211247,0.009682783545915008,0.0019480265428936606,False,False,False,SIMULATED_METHOD_VALIDATION,sigma_0.01,0.01
1,2.5385286742630733,2.5216999765469152,1,1,ACTION_1,ACTION_1,1.6912308138758698,0.016828697716158025,0.009950562382192494,False,False,False,SIMULATED_METHOD_VALIDATION,sigma_0.01,0.01
1,9.765415720050882,9.762066869751024,1,1,ACTION_1,ACTION_1,8.918117859663678,0.003348850299857986,0.00037551088161827444,False,False,False,SIMULATED_METHOD_VALIDATION,sigma_0.01,0.01
0,-12.9461913077925,-12.94456377714145,0,0,ACTION_0,ACTION_0,12.098893447405295,0.0016275306510493692,0.00013451896721996558,False,False,False,SIMULATED_METHOD_VALIDATION,sigma_0.01,0.01
0,-4.370195510106793,-4.3643332867932,0,0,ACTION_0,ACTION_0,3.5228976497195896,0.005862223313592985,0.0016640345239832888,False,False,False,SIMULATED_METHOD_VALIDATION,sigma_0.01,0.01
1,7.2607656696569585,7.267877935454887,1,1,ACTION_1,ACTION_1,6.413467809269755,0.007112265797928785,0.0011089579006928229,False,False,False,SIMULATED_METHOD_VALIDATION,sigma_0.01,0.01
1,1.4951227863639147,1.503056258715914,1,1,ACTION_1,ACTION_1,0.6478249259767113,0.00793347235199926,0.01224632155059199,False,False,True,SIMULATED_METHOD_VALIDATION,sigma_0.01,0.01
1,3.162608512414735,3.159121261692251,1,1,ACTION_1,ACTION_1,2.3153106520275317,0.0034872507224843474,0.0015061696880418792,False,False,False,SIMULATED_METHOD_VALIDATION,sigma_0.01,0.01
1,7.727230931878097,7.722607413951451,1,1,ACTION_1,ACTION_1,6.8799330714908935,0.004623517926646059,0.0006720294919444812,False,False,False,SIMULATED_METHOD_VALIDATION,sigma_0.01,0.01
1,4.607143462655852,4.615723221468423,1,1,ACTION_1,ACTION_1,3.7598456022686486,0.008579758812571114,0.0022819444520259516,False,False,False,SIMULATED_METHOD_VALIDATION,sigma_0.01,0.01
0,-3.1267715389221316,-3.1286845821709477,0,0,ACTION_0,ACTION_0,2.279473678534928,0.0019130432488161375,0.0008392477907644434,False,False,False,SIMULATED_METHOD_VALIDATION,sigma_0.01,0.01
1,7.816205905302137,7.803449042068758,1,1,ACTION_1,ACTION_1,6.968908044914934,0.012756863233379434,0.0018305397561800016,False,False,False,SIMULATED_METHOD_VALIDATION,sigma_0.01,0.01
0,-6.958679837028161,-6.970012709168196,0,0,ACTION_0,ACTION_0,6.111381976640957,0.0113328721400352,0.0018543877936859328,False,False,False,SIMULATED_METHOD_VALIDATION,sigma_0.01,0.01
1,2.3294430527874006,2.3202485299273845,1,1,ACTION_1,ACTION_1,1.4821451924001972,0.009194522860016097,0.0062035237216715704,False,False,True,SIMULATED_METHOD_VALIDATION,sigma_0.01,0.01
1,5.142125072169797,5.147096679610335,1,1,ACTION_1,ACTION_1,4.294827211782594,0.004971607440537262,0.0011575803158967522,False,False,False,SIMULATED_METHOD_VALIDATION,sigma_0.01,0.01
0,-10.345578411714126,-10.34415415435342,0,0,ACTION_0,ACTION_0,9.498280551326921,0.0014242573607052833,0.00014994896739561065,False,False,False,SIMULATED_METHOD_VALIDATION,sigma_0.01,0.01
1,5.253821349240152,5.2607262027808295,1,1,ACTION_1,ACTION_1,4.406523488852948,0.006904853540677713,0.0015669617007930893,False,False,False,SIMULATED_METHOD_VALIDATION,sigma_0.01,0.01
1,7.0311308223686595,7.026858295905294,1,1,ACTION_1,ACTION_1,6.183832961981456,0.004272526463365622,0.0006909188022434224,False,False,False,SIMULATED_METHOD_VALIDATION,sigma_0.01,0.01
1,9.721509638123539,9.723095035034307,1,1,ACTION_1,ACTION_1,8.874211777736335,0.0015853969107677557,0.00017865213840683936,False,False,False,SIMULATED_METHOD_VALIDATION,sigma_0.01,0.01
1,4.276990648714026,4.2832465526537,1,1,ACTION_1,ACTION_1,3.4296927883268227,0.006255903939673679,0.0018240420719214403,False,False,False,SIMULATED_METHOD_VALIDATION,sigma_0.01,0.01
1,8.531459722247948,8.528366256850745,1,1,ACTION_1,ACTION_1,7.684161861860745,0.003093465397203232,0.00040257681355688405,False,False,False,SIMULATED_METHOD_VALIDATION,sigma_0.01,0.01
0,-25.17403904658229,-25.169471294206716,0,0,ACTION_0,ACTION_0,24.326741186195086,0.0045677523755749405,0.0001877667189622194,False,False,False,SIMULATED_METHOD_VALIDATION,sigma_0.01,0.01
1,4.83158185656956,4.824962597158893,1,1,ACTION_1,ACTION_1,3.9842839961823566,0.006619259410666878,0.0016613422680233864,False,False,False,SIMULATED_METHOD_VALIDATION,sigma_0.01,0.01
0,-10.41500221904295,-10.4186327575086,0,0,ACTION_0,ACTION_0,9.567704358655746,0.0036305384656500905,0.00037945763472149946,False,False,False,SIMULATED_METHOD_VALIDATION,sigma_0.01,0.01
1,9.856481934263464,9.85266455532348,1,1,ACTION_1,ACTION_1,9.00918407387626,0.0038173789399831293,0.00042372082851013137,False,False,False,SIMULATED_METHOD_VALIDATION,sigma_0.01,0.01
1,5.148056354851629,5.136097958395739,1,1,ACTION_1,ACTION_1,4.300758494464426,0.011958396455890252,0.002780531962276443,False,False,False,SIMULATED_METHOD_VALIDATION,sigma_0.01,0.01
1,6.313041268611006,6.317910993418861,1,1,ACTION_1,ACTION_1,5.465743408223802,0.0048697248078557465,0.0008909537905728832,False,False,False,SIMULATED_METHOD_VALIDATION,sigma_0.01,0.01
0,-10.583063297321733,-10.58775732072376,0,0,ACTION_0,ACTION_0,9.735765436934528,0.004694023402027625,0.0004821422036545714,False,False,False,SIMULATED_METHOD_VALIDATION,sigma_0.01,0.01
1,4.82412156550026,4.824246506687537,1,1,ACTION_1,ACTION_1,3.9768237051130564,0.00012494118727701675,3.141733115208958e-05,False,False,False,SIMULATED_METHOD_VALIDATION,sigma_0.01,0.01
0,-4.846298488565321,-4.841491021976261,0,0,ACTION_0,ACTION_0,3.999000628178117,0.004807466589059395,0.0012021670002211533,False,False,False,SIMULATED_METHOD_VALIDATION,sigma_0.01,0.01
1,8.246358812505601,8.2508241242659,1,1,ACTION_1,ACTION_1,7.399060952118398,0.004465311760299073,0.0006034970909410642,False,False,False,SIMULATED_METHOD_VALIDATION,sigma_0.01,0.01
1,0.7616962087415864,0.7683500598313142,1,1,REVIEW,REVIEW,0.08560165164561706,0.006653851089727825,0.07773040545145267,False,False,True,SIMULATED_METHOD_VALIDATION,sigma_0.01,0.01
1,9.281828440114833,9.280843585269738,1,1,ACTION_1,ACTION_1,8.434530579727628,0.000984854845095029,0.0001167646303236039,False,False,False,SIMULATED_METHOD_VALIDATION,sigma_0.01,0.01
1,8.289261806012053,8.285028822891611,1,1,ACTION_1,ACTION_1,7.44196394562485,0.004232983120441958,0.000568799197546575,False,False,False,SIMULATED_METHOD_VALIDATION,sigma_0.01,0.01
1,7.234913838127294,7.23411665601823,1,1,ACTION_1,ACTION_1,6.387615977740091,0.0007971821090642095,0.00012480119528823785,False,False,False,SIMULATED_METHOD_VALIDATION,sigma_0.01,0.01
1,12.351824386832767,12.334951042493188,1,1,ACTION_1,ACTION_1,11.504526526445563,0.016873344339579432,0.0014666700364237082,False,False,False,SIMULATED_METHOD_VALIDATION,sigma_0.01,0.01
1,6.868596459532657,6.854125334808426,1,1,ACTION_1,ACTION_1,6.021298599145454,0.014471124724231288,0.0024033228855790405,False,False,False,SIMULATED_METHOD_VALIDATION,sigma_0.01,0.01
0,-3.190481883796341,-3.203708879919885,0,0,ACTION_0,ACTION_0,2.3431840234091377,0.013226996123544055,0.00564488149091247,False,False,False,SIMULATED_METHOD_VALIDATION,sigma_0.01,0.01
1,5.653319310676391,5.643346842400376,1,1,ACTION_1,ACTION_1,4.806021450289188,0.009972468276014723,0.002074994541569235,False,False,False,SIMULATED_METHOD_VALIDATION,sigma_0.01,0.01
0,-13.136191480458063,-13.132193738190828,0,0,ACTION_0,ACTION_0,12.288893620070859,0.003997742267234372,0.00032531344080520417,False,False,False,SIMULATED_METHOD_VALIDATION,sigma_0.01,0.01
0,-5.65116841750633,-5.66022320805993,0,0,ACTION_0,ACTION_0,4.803870557119127,0.009054790553600256,0.001884894783474432,False,False,False,SIMULATED_METHOD_VALIDATION,sigma_0.01,0.01
1,3.0708800839719252,3.0670984584315315,1,1,ACTION_1,ACTION_1,2.223582223584722,0.0037816255403937404,0.0017006906694447474,False,False,False,SIMULATED_METHOD_VALIDATION,sigma_0.01,0.01
0,-9.961847321061388,-9.948855038083527,0,0,ACTION_0,ACTION_0,9.114549460674183,0.01299228297786037,0.0014254443441134564,False,False,False,SIMULATED_METHOD_VALIDATION,sigma_0.01,0.01
1,2.0925575325683923,2.088994892857778,1,1,ACTION_1,ACTION_1,1.2452596721811888,0.0035626397106143237,0.0028609612839818597,False,False,True,SIMULATED_METHOD_VALIDATION,sigma_0.01,0.01
1,2.26995979327603,2.277334948960701,1,1,ACTION_1,ACTION_1,1.4226619328888264,0.007375155684671064,0.005184053578839516,False,False,True,SIMULATED_METHOD_VALIDATION,sigma_0.01,0.01
0,-10.224512123084931,-10.23384829988503,0,0,ACTION_0,ACTION_0,9.377214262697727,0.009336176800099238,0.0009956237042847858,False,False,False,SIMULATED_METHOD_VALIDATION,sigma_0.01,0.01
0,-6.16604769371968,-6.168102069298356,0,0,ACTION_0,ACTION_0,5.318749833332476,0.0020543755786759377,0.0003862515897629206,False,False,False,SIMULATED_METHOD_VALIDATION,sigma_0.01,0.01
1,13.506903964131698,13.497403743582593,1,1,ACTION_1,ACTION_1,12.659606103744494,0.009500220549105265,0.0007504357142909259,False,False,False,SIMULATED_METHOD_VALIDATION,sigma_0.01,0.01
1,8.713214748585624,8.709824417826619,1,1,ACTION_1,ACTION_1,7.865916888198421,0.003390330759005522,0.0004310153294515714,False,False,False,SIMULATED_METHOD_VALIDATION,sigma_0.01,0.01
0,-2.7100096813215764,-2.7016065999470023,0,0,ACTION_0,ACTION_0,1.862711820934373,0.008403081374574128,0.00451120848653818,False,False,False,SIMULATED_METHOD_VALIDATION,sigma_0.01,0.01
0,-15.515048879196936,-15.53232208342886,0,0,ACTION_0,ACTION_0,14.667751018809732,0.017273204231923245,0.0011776314044172358,False,False,False,SIMULATED_METHOD_VALIDATION,sigma_0.01,0.01
0,-3.4811399057619035,-3.476795669326445,0,0,ACTION_0,ACTION_0,2.6338420453747,0.004344236435458448,0.0016493914064009186,False,False,False,SIMULATED_METHOD_VALIDATION,sigma_0.01,0.01
1,2.6633661467985235,2.6657435028218464,1,1,ACTION_1,ACTION_1,1.81606828641132,0.0023773560233228963,0.0013090675285237874,False,False,False,SIMULATED_METHOD_VALIDATION,sigma_0.01,0.01
1,5.943345567555742,5.937404067998774,1,1,ACTION_1,ACTION_1,5.096047707168538,0.0059414995569682105,0.0011659034409372555,False,False,False,SIMULATED_METHOD_VALIDATION,sigma_0.01,0.01
1,2.5861730581676845,2.5717124796238,1,1,ACTION_1,ACTION_1,1.738875197780481,0.014460578543884495,0.008316053137305157,False,False,False,SIMULATED_METHOD_VALIDATION,sigma_0.01,0.01
1,2.8332824615872276,2.8424239739798605,1,1,ACTION_1,ACTION_1,1.9859846012000242,0.009141512392632833,0.004603012725833376,False,False,False,SIMULATED_METHOD_VALIDATION,sigma_0.03,0.03
1,5.685447193746231,5.654247670559016,1,1,ACTION_1,ACTION_1,4.838149333359028,0.031199523187215306,0.006448648240783861,False,False,False,SIMULATED_METHOD_VALIDATION,sigma_0.03,0.03
0,-12.954214692234583,-12.93170115636039,0,0,ACTION_0,ACTION_0,12.106916831847379,0.022513535874193025,0.0018595598026221606,False,False,False,SIMULATED_METHOD_VALIDATION,sigma_0.03,0.03
0,-13.602830700444716,-13.57461375895298,0,0,ACTION_0,ACTION_0,12.755532840057512,0.02821694149173659,0.002212133498894223,False,False,False,SIMULATED_METHOD_VALIDATION,sigma_0.03,0.03
0,0.4754401414300311,0.416909085770416,1,1,REVIEW,REVIEW,0.37185771895717235,0.05853105565961508,0.15740174985141625,False,False,True,SIMULATED_METHOD_VALIDATION,sigma_0.03,0.03
0,-4.962623475134766,-5.001688860340636,0,0,ACTION_0,ACTION_0,4.1153256147475625,0.039065385205869774,0.009492659600464222,False,False,False,SIMULATED_METHOD_VALIDATION,sigma_0.03,0.03
0,-5.686292471547457,-5.6824572594524385,0,0,ACTION_0,ACTION_0,4.8389946111602535,0.00383521209501847,0.0007925638284806634,False,False,False,SIMULATED_METHOD_VALIDATION,sigma_0.03,0.03
1,3.100483483435312,3.090996205665004,1,1,ACTION_1,ACTION_1,2.2531856230481084,0.009487277770307667,0.004210606384694254,False,False,False,SIMULATED_METHOD_VALIDATION,sigma_0.03,0.03
1,6.479704597615388,6.479200562890259,1,1,ACTION_1,ACTION_1,5.632406737228185,0.0005040347251288324,8.948833929150464e-05,False,False,False,SIMULATED_METHOD_VALIDATION,sigma_0.03,0.03
0,-15.205132179141163,-15.23072349696837,0,0,ACTION_0,ACTION_0,14.357834318753959,0.025591317827206694,0.0017823940058828893,False,False,False,SIMULATED_METHOD_VALIDATION,sigma_0.03,0.03
0,-12.928766935939262,-12.902384996693376,0,0,ACTION_0,ACTION_0,12.081469075552057,0.026381939245885278,0.0021836698071157185,False,False,False,SIMULATED_METHOD_VALIDATION,sigma_0.03,0.03
1,8.909057859891398,8.932391617954266,1,1,ACTION_1,ACTION_1,8.061759999504194,0.023333758062868526,0.0028943751816357193,False,False,False,SIMULATED_METHOD_VALIDATION,sigma_0.03,0.03
0,-2.443560563865283,-2.4415796429384464,0,0,ACTION_0,ACTION_0,1.5962627034780796,0.00198092092683666,0.0012409742597634167,False,False,False,SIMULATED_METHOD_VALIDATION,sigma_0.03,0.03
0,-11.933831774861407,-11.900014538652366,0,0,ACTION_0,ACTION_0,11.086533914474202,0.03381723620904076,0.003050298359245546,False,False,False,SIMULATED_METHOD_VALIDATION,sigma_0.03,0.03
1,2.1311686486357644,2.1451939289033257,1,1,ACTION_1,ACTION_1,1.283870788248561,0.014025280267561335,0.010924214801003793,False,False,True,SIMULATED_METHOD_VALIDATION,sigma_0.03,0.03
0,-2.9705950850747733,-2.9963738589612703,0,0,ACTION_0,ACTION_0,2.12329722468757,0.025778773886496964,0.012140916300726645,False,False,False,SIMULATED_METHOD_VALIDATION,sigma_0.03,0.03
1,4.381688198493954,4.392750722016429,1,1,ACTION_1,ACTION_1,3.5343903381067507,0.011062523522475054,0.0031299665470455253,False,False,False,SIMULATED_METHOD_VALIDATION,sigma_0.03,0.03
1,4.086248850490957,4.057482372466088,1,1,ACTION_1,ACTION_1,3.2389509901037536,0.028766478024869535,0.00888141812357218,False,False,False,SIMULATED_METHOD_VALIDATION,sigma_0.03,0.03
1,4.915741589117683,4.942095098156901,1,1,ACTION_1,ACTION_1,4.06844372873048,0.02635350903921818,0.006477540503538327,False,False,False,SIMULATED_METHOD_VALIDATION,sigma_0.03,0.03
1,5.720201028618742,5.7187032512891545,1,1,ACTION_1,ACTION_1,4.872903168231539,0.0014977773295878904,0.0003073685804701635,False,False,False,SIMULATED_METHOD_VALIDATION,sigma_0.03,0.03
1,6.838847380389783,6.833301509483426,1,1,ACTION_1,ACTION_1,5.99154952000258,0.005545870906357386,0.0009256154668909419,False,False,False,SIMULATED_METHOD_VALIDATION,sigma_0.03,0.03
1,6.895073792527683,6.874645906195564,1,1,ACTION_1,ACTION_1,6.047775932140479,0.02042788633211856,0.003377751848172152,False,False,False,SIMULATED_METHOD_VALIDATION,sigma_0.03,0.03
0,2.6064364007504217,2.6431126409106427,1,1,ACTION_1,ACTION_1,1.7591385403632183,0.036676240160220974,0.020848977677817373,False,False,False,SIMULATED_METHOD_VALIDATION,sigma_0.03,0.03
0,-5.662890680384169,-5.667526564846233,0,0,ACTION_0,ACTION_0,4.815592819996966,0.004635884462063977,0.000962681986486328,False,False,False,SIMULATED_METHOD_VALIDATION,sigma_0.03,0.03
1,6.124791303862647,6.111941469197754,1,1,ACTION_1,ACTION_1,5.277493443475444,0.012849834664892867,0.0024348366895233374,False,False,False,SIMULATED_METHOD_VALIDATION,sigma_0.03,0.03
1,8.181410697080242,8.170846690565595,1,1,ACTION_1,ACTION_1,7.334112836693039,0.010564006514647062,0.0014403932349928757,False,False,False,SIMULATED_METHOD_VALIDATION,sigma_0.03,0.03
1,1.1370365414498487,1.1530058170164492,1,1,ACTION_1,ACTION_1,0.2897386810626452,0.01596927556660055,0.055116132606221765,False,False,True,SIMULATED_METHOD_VALIDATION,sigma_0.03,0.03
0,0.5421966101057514,0.5531599320366737,1,1,REVIEW,REVIEW,0.3051012502814521,0.01096332193092231,0.0359333890661175,False,False,True,SIMULATED_METHOD_VALIDATION,sigma_0.03,0.03
1,4.844376678166977,4.856758656514857,1,1,ACTION_1,ACTION_1,3.997078817779774,0.012381978347879574,0.0030977568650390774,False,False,False,SIMULATED_METHOD_VALIDATION,sigma_0.03,0.03
1,4.828414573920913,4.84133920401115,1,1,ACTION_1,ACTION_1,3.9811167135337096,0.01292463009023681,0.0032464835924804324,False,False,False,SIMULATED_METHOD_VALIDATION,sigma_0.03,0.03
0,-39.95566756709209,-39.891418139065976,0,0,ACTION_0,ACTION_0,39.10836970670489,0.0642494280261161,0.0016428562097565763,False,False,False,SIMULATED_METHOD_VALIDATION,sigma_0.03,0.03
0,-2.748492457584458,-2.7606849080759965,0,0,ACTION_0,ACTION_0,1.9011945971972546,0.012192450491538498,0.006413047096553207,False,False,False,SIMULATED_METHOD_VALIDATION,sigma_0.03,0.03
1,10.342035612655767,10.32666833078362,1,1,ACTION_1,ACTION_1,9.494737752268563,0.015367281872146421,0.0016185051418060221,False,False,False,SIMULATED_METHOD_VALIDATION,sigma_0.03,0.03
0,-15.921893766136574,-15.94630694798401,0,0,ACTION_0,ACTION_0,15.07459590574937,0.024413181847435794,0.0016194916268451839,False,False,False,SIMULATED_METHOD_VALIDATION,sigma_0.03,0.03
1,6.812852322495189,6.831331705172454,1,1,ACTION_1,ACTION_1,5.965554462107986,0.01847938267726512,0.003097680658963468,False,False,False,SIMULATED_METHOD_VALIDATION,sigma_0.03,0.03
1,6.314599824154026,6.348468992935653,1,1,ACTION_1,ACTION_1,5.467301963766823,0.033869168781627046,0.0061948597326590875,False,False,False,SIMULATED_METHOD_VALIDATION,sigma_0.03,0.03
1,3.0325436600223767,3.0291252362927303,1,1,ACTION_1,ACTION_1,2.1852457996351733,0.0034184237296464026,0.0015643200093175369,False,False,False,SIMULATED_METHOD_VALIDATION,sigma_0.03,0.03
1,6.852079322309017,6.826874628000141,1,1,ACTION_1,ACTION_1,6.004781461921813,0.02520469430887573,0.004197437403626849,False,False,False,SIMULATED_METHOD_VALIDATION,sigma_0.03,0.03
1,1.1522605747221029,1.1275261382513657,1,1,ACTION_1,ACTION_1,0.3049627143348994,0.024734436470737142,0.08110642812411044,False,False,True,SIMULATED_METHOD_VALIDATION,sigma_0.03,0.03
1,4.950312248316049,4.9698300319507895,1,1,ACTION_1,ACTION_1,4.103014387928845,0.01951778363474066,0.004756937653487735,False,False,False,SIMULATED_METHOD_VALIDATION,sigma_0.03,0.03
1,3.2547401547179184,3.277037779854022,1,1,ACTION_1,ACTION_1,2.407442294330715,0.02229762513610334,0.009261956221593351,False,False,False,SIMULATED_METHOD_VALIDATION,sigma_0.03,0.03
1,6.783458090389772,6.799752718438928,1,1,ACTION_1,ACTION_1,5.936160230002568,0.016294628049156046,0.0027449778000936806,False,False,False,SIMULATED_METHOD_VALIDATION,sigma_0.03,0.03
1,7.135469633182346,7.115504341963685,1,1,ACTION_1,ACTION_1,6.288171772795143,0.019965291218660752,0.0031750549985033283,False,False,False,SIMULATED_METHOD_VALIDATION,sigma_0.03,0.03
0,-26.040160230352836,-26.033195390660833,0,0,ACTION_0,ACTION_0,25.19286236996563,0.006964839692003011,0.00027646083202940595,False,False,False,SIMULATED_METHOD_VALIDATION,sigma_0.03,0.03
1,8.769595055402682,8.773095629676904,1,1,ACTION_1,ACTION_1,7.922297195015479,0.0035005742742217905,0.00044186353882612084,False,False,False,SIMULATED_METHOD_VALIDATION,sigma_0.03,0.03
1,4.1047784704809835,4.111339128382854,1,1,ACTION_1,ACTION_1,3.25748061009378,0.006560657901870215,0.002014028228300441,False,False,False,SIMULATED_METHOD_VALIDATION,sigma_0.03,0.03
0,-10.169408530996787,-10.14326566765834,0,0,ACTION_0,ACTION_0,9.322110670609582,0.026142863338446176,0.0028043931532446254,False,False,False,SIMULATED_METHOD_VALIDATION,sigma_0.03,0.03
1,5.653868087146023,5.660575953609263,1,1,ACTION_1,ACTION_1,4.8065702267588195,0.006707866463240286,0.001395561938510062,False,False,False,SIMULATED_METHOD_VALIDATION,sigma_0.03,0.03
0,-4.4902364043650245,-4.469868997472868,0,0,ACTION_0,ACTION_0,3.642938543977821,0.02036740689215666,0.0055909279408037854,False,False,False,SIMULATED_METHOD_VALIDATION,sigma_0.03,0.03
1,8.551947665141736,8.553975037226403,1,1,ACTION_1,ACTION_1,7.704649804754532,0.0020273720846670784,0.0002631361756917218,False,False,False,SIMULATED_METHOD_VALIDATION,sigma_0.03,0.03
1,6.467557905672912,6.476231487633611,1,1,ACTION_1,ACTION_1,5.6202600452857086,0.008673581960699117,0.001543270576594502,False,False,False,SIMULATED_METHOD_VALIDATION,sigma_0.03,0.03
0,-9.153303774979445,-9.134365128204289,0,0,ACTION_0,ACTION_0,8.306005914592241,0.018938646775156442,0.002280114771154263,False,False,False,SIMULATED_METHOD_VALIDATION,sigma_0.03,0.03
0,-0.7713139467044172,-0.8150286213000872,0,0,REVIEW,REVIEW,0.07598391368278634,0.04371467459567002,0.5753148591183096,False,False,True,SIMULATED_METHOD_VALIDATION,sigma_0.03,0.03
0,-3.0873103719449624,-3.0969005084356813,0,0,ACTION_0,ACTION_0,2.240012511557759,0.009590136490718937,0.004281287020155849,False,False,False,SIMULATED_METHOD_VALIDATION,sigma_0.03,0.03
1,5.647746729328464,5.63363554969968,1,1,ACTION_1,ACTION_1,4.8004488689412605,0.01411117962878361,0.0029395541987922123,False,False,False,SIMULATED_METHOD_VALIDATION,sigma_0.03,0.03
0,-11.466636846645581,-11.485803182092882,0,0,ACTION_0,ACTION_0,10.619338986258377,0.019166335447300398,0.0018048520225319104,False,False,False,SIMULATED_METHOD_VALIDATION,sigma_0.03,0.03
0,-0.49230568619243087,-0.5005599537292313,0,0,REVIEW,REVIEW,0.3549921741947727,0.008254267536800475,0.023251970428710425,False,False,True,SIMULATED_METHOD_VALIDATION,sigma_0.03,0.03
0,-19.756457846697632,-19.7116096073606,0,0,ACTION_0,ACTION_0,18.909159986310428,0.04484823933703197,0.00237177322363873,False,False,False,SIMULATED_METHOD_VALIDATION,sigma_0.03,0.03
1,16.77564862949741,16.749673696026612,1,1,ACTION_1,ACTION_1,15.928350769110207,0.025974933470799044,0.0016307359027509702,False,False,False,SIMULATED_METHOD_VALIDATION,sigma_0.03,0.03
1,5.81785823659845,5.8469065872361945,1,1,ACTION_1,ACTION_1,4.970560376211247,0.029048350637744136,0.005844079628680803,False,False,False,SIMULATED_METHOD_VALIDATION,sigma_0.03,0.03
1,2.5385286742630733,2.488042581114599,1,1,ACTION_1,ACTION_1,1.6912308138758698,0.050486093148474076,0.02985168714657748,False,False,False,SIMULATED_METHOD_VALIDATION,sigma_0.03,0.03
1,9.765415720050882,9.755369169151308,1,1,ACTION_1,ACTION_1,8.918117859663678,0.010046550899573958,0.0011265326448548232,False,False,False,SIMULATED_METHOD_VALIDATION,sigma_0.03,0.03
0,-12.9461913077925,-12.94130871583935,0,0,ACTION_0,ACTION_0,12.098893447405295,0.004882591953149884,0.00040355690166004357,False,False,False,SIMULATED_METHOD_VALIDATION,sigma_0.03,0.03
0,-4.370195510106793,-4.352608840166015,0,0,ACTION_0,ACTION_0,3.5228976497195896,0.017586669940778066,0.004992103571949615,False,False,False,SIMULATED_METHOD_VALIDATION,sigma_0.03,0.03
1,7.2607656696569585,7.282102467050744,1,1,ACTION_1,ACTION_1,6.413467809269755,0.021336797393785467,0.00332687370207833,False,False,False,SIMULATED_METHOD_VALIDATION,sigma_0.03,0.03
1,1.4951227863639147,1.5189232034199125,1,1,ACTION_1,ACTION_1,0.6478249259767113,0.02380041705599778,0.03673896465177597,False,False,True,SIMULATED_METHOD_VALIDATION,sigma_0.03,0.03
1,3.162608512414735,3.152146760247282,1,1,ACTION_1,ACTION_1,2.3153106520275317,0.010461752167453042,0.0045185090641256375,False,False,False,SIMULATED_METHOD_VALIDATION,sigma_0.03,0.03
1,7.727230931878097,7.71336037809816,1,1,ACTION_1,ACTION_1,6.8799330714908935,0.013870553779937289,0.0020160884758333142,False,False,False,SIMULATED_METHOD_VALIDATION,sigma_0.03,0.03
1,4.607143462655852,4.632882739093566,1,1,ACTION_1,ACTION_1,3.7598456022686486,0.02573927643771423,0.006845833356078091,False,False,False,SIMULATED_METHOD_VALIDATION,sigma_0.03,0.03
0,-3.1267715389221316,-3.13251066866858,0,0,ACTION_0,ACTION_0,2.279473678534928,0.0057391297464484126,0.00251774337229333,False,False,False,SIMULATED_METHOD_VALIDATION,sigma_0.03,0.03
1,7.816205905302137,7.777935315602,1,1,ACTION_1,ACTION_1,6.968908044914934,0.038270589700137414,0.0054916192685398775,False,False,False,SIMULATED_METHOD_VALIDATION,sigma_0.03,0.03
0,-6.958679837028161,-6.992678453448265,0,0,ACTION_0,ACTION_0,6.111381976640957,0.03399861642010471,0.005563163381057653,False,False,False,SIMULATED_METHOD_VALIDATION,sigma_0.03,0.03
1,2.3294430527874006,2.3018594842073523,1,1,ACTION_1,ACTION_1,1.4821451924001972,0.02758356858004829,0.01861057116501471,False,False,True,SIMULATED_METHOD_VALIDATION,sigma_0.03,0.03
1,5.142125072169797,5.15703989449141,1,1,ACTION_1,ACTION_1,4.294827211782594,0.014914822321612675,0.003472740947690463,False,False,False,SIMULATED_METHOD_VALIDATION,sigma_0.03,0.03
0,-10.345578411714126,-10.341305639632008,0,0,ACTION_0,ACTION_0,9.498280551326921,0.004272772082117626,0.000449846902187019,False,False,False,SIMULATED_METHOD_VALIDATION,sigma_0.03,0.03
1,5.253821349240152,5.274535909862185,1,1,ACTION_1,ACTION_1,4.406523488852948,0.02071456062203314,0.0047008851023792675,False,False,False,SIMULATED_METHOD_VALIDATION,sigma_0.03,0.03
1,7.0311308223686595,7.0183132429785635,1,1,ACTION_1,ACTION_1,6.183832961981456,0.012817579390095979,0.0020727564067301234,False,False,False,SIMULATED_METHOD_VALIDATION,sigma_0.03,0.03
1,9.721509638123539,9.72626582885584,1,1,ACTION_1,ACTION_1,8.874211777736335,0.004756190732301491,0.000535956415220318,False,False,False,SIMULATED_METHOD_VALIDATION,sigma_0.03,0.03
1,4.276990648714026,4.295758360533046,1,1,ACTION_1,ACTION_1,3.4296927883268227,0.01876771181902015,0.005472126215764062,False,False,False,SIMULATED_METHOD_VALIDATION,sigma_0.03,0.03
1,8.531459722247948,8.52217932605634,1,1,ACTION_1,ACTION_1,7.684161861860745,0.00928039619160792,0.001207730440670421,False,False,False,SIMULATED_METHOD_VALIDATION,sigma_0.03,0.03
0,-25.17403904658229,-25.16033578945557,0,0,ACTION_0,ACTION_0,24.326741186195086,0.013703257126721269,0.0005633001568865121,False,False,False,SIMULATED_METHOD_VALIDATION,sigma_0.03,0.03
1,4.83158185656956,4.81172407833756,1,1,ACTION_1,ACTION_1,3.9842839961823566,0.019857778231999745,0.004984026804069936,False,False,False,SIMULATED_METHOD_VALIDATION,sigma_0.03,0.03
0,-10.41500221904295,-10.425893834439902,0,0,ACTION_0,ACTION_0,9.567704358655746,0.010891615396952048,0.001138372904164684,False,False,False,SIMULATED_METHOD_VALIDATION,sigma_0.03,0.03
1,9.856481934263464,9.845029797443514,1,1,ACTION_1,ACTION_1,9.00918407387626,0.011452136819949388,0.0012711624855303943,False,False,False,SIMULATED_METHOD_VALIDATION,sigma_0.03,0.03
1,5.148056354851629,5.112181165483959,1,1,ACTION_1,ACTION_1,4.300758494464426,0.03587518936767076,0.00834159588682933,False,False,False,SIMULATED_METHOD_VALIDATION,sigma_0.03,0.03
1,6.313041268611006,6.327650443034573,1,1,ACTION_1,ACTION_1,5.465743408223802,0.01460917442356724,0.0026728613717186497,False,False,False,SIMULATED_METHOD_VALIDATION,sigma_0.03,0.03
0,-10.583063297321733,-10.597145367527814,0,0,ACTION_0,ACTION_0,9.735765436934528,0.014082070206081099,0.001446426610963532,False,False,False,SIMULATED_METHOD_VALIDATION,sigma_0.03,0.03
1,4.82412156550026,4.824496389062091,1,1,ACTION_1,ACTION_1,3.9768237051130564,0.00037482356183105026,9.425199345626875e-05,False,False,False,SIMULATED_METHOD_VALIDATION,sigma_0.03,0.03
0,-4.846298488565321,-4.831876088798143,0,0,ACTION_0,ACTION_0,3.999000628178117,0.014422399767177296,0.003606501000663238,False,False,False,SIMULATED_METHOD_VALIDATION,sigma_0.03,0.03
1,8.246358812505601,8.2597547477865,1,1,ACTION_1,ACTION_1,7.399060952118398,0.013395935280898996,0.0018104912728234325,False,False,False,SIMULATED_METHOD_VALIDATION,sigma_0.03,0.03
1,0.7616962087415864,0.78165776201077,1,1,REVIEW,REVIEW,0.08560165164561706,0.019961553269183585,0.2331912163543593,False,False,True,SIMULATED_METHOD_VALIDATION,sigma_0.03,0.03
1,9.281828440114833,9.27887387557955,1,1,ACTION_1,ACTION_1,8.434530579727628,0.0029545645352833105,0.00035029389097060106,False,False,False,SIMULATED_METHOD_VALIDATION,sigma_0.03,0.03
1,8.289261806012053,8.27656285665073,1,1,ACTION_1,ACTION_1,7.44196394562485,0.012698949361324097,0.0017063975926394862,False,False,False,SIMULATED_METHOD_VALIDATION,sigma_0.03,0.03
1,7.234913838127294,7.232522291800103,1,1,ACTION_1,ACTION_1,6.387615977740091,0.0023915463271917403,0.0003744035858645745,False,False,False,SIMULATED_METHOD_VALIDATION,sigma_0.03,0.03
1,12.351824386832767,12.301204353814027,1,1,ACTION_1,ACTION_1,11.504526526445563,0.050620033018740074,0.00440001010927128,False,False,False,SIMULATED_METHOD_VALIDATION,sigma_0.03,0.03
1,6.868596459532657,6.825183085359964,1,1,ACTION_1,ACTION_1,6.021298599145454,0.043413374172692976,0.0072099686567369745,False,False,False,SIMULATED_METHOD_VALIDATION,sigma_0.03,0.03
0,-3.190481883796341,-3.2301628721669733,0,0,ACTION_0,ACTION_0,2.3431840234091377,0.039680988370632164,0.01693464447273741,False,False,False,SIMULATED_METHOD_VALIDATION,sigma_0.03,0.03
1,5.653319310676391,5.623401905848347,1,1,ACTION_1,ACTION_1,4.806021450289188,0.02991740482804417,0.006224983624707706,False,False,False,SIMULATED_METHOD_VALIDATION,sigma_0.03,0.03
0,-13.136191480458063,-13.12419825365636,0,0,ACTION_0,ACTION_0,12.288893620070859,0.011993226801703116,0.0009759403224156124,False,False,False,SIMULATED_METHOD_VALIDATION,sigma_0.03,0.03
0,-5.65116841750633,-5.678332789167132,0,0,ACTION_0,ACTION_0,4.803870557119127,0.027164371660801656,0.005654684350423481,False,False,False,SIMULATED_METHOD_VALIDATION,sigma_0.03,0.03
1,3.0708800839719252,3.0595352073507436,1,1,ACTION_1,ACTION_1,2.223582223584722,0.011344876621181665,0.005102072008334442,False,False,False,SIMULATED_METHOD_VALIDATION,sigma_0.03,0.03
0,-9.961847321061388,-9.922870472127807,0,0,ACTION_0,ACTION_0,9.114549460674183,0.03897684893358111,0.004276333032340369,False,False,False,SIMULATED_METHOD_VALIDATION,sigma_0.03,0.03
1,2.0925575325683923,2.0818696134365493,1,1,ACTION_1,ACTION_1,1.2452596721811888,0.010687919131842971,0.00858288385194558,False,False,True,SIMULATED_METHOD_VALIDATION,sigma_0.03,0.03
1,2.26995979327603,2.2920852603300426,1,1,ACTION_1,ACTION_1,1.4226619328888264,0.02212546705401275,0.015552160736518238,False,False,True,SIMULATED_METHOD_VALIDATION,sigma_0.03,0.03
0,-10.224512123084931,-10.252520653485227,0,0,ACTION_0,ACTION_0,9.377214262697727,0.02800853040029594,0.002986871112854168,False,False,False,SIMULATED_METHOD_VALIDATION,sigma_0.03,0.03
0,-6.16604769371968,-6.1722108204557085,0,0,ACTION_0,ACTION_0,5.318749833332476,0.006163126736028701,0.0011587547692889287,False,False,False,SIMULATED_METHOD_VALIDATION,sigma_0.03,0.03
1,13.506903964131698,13.47840330248438,1,1,ACTION_1,ACTION_1,12.659606103744494,0.02850066164731757,0.002251307142872918,False,False,False,SIMULATED_METHOD_VALIDATION,sigma_0.03,0.03
1,8.713214748585624,8.703043756308608,1,1,ACTION_1,ACTION_1,7.865916888198421,0.010170992277016566,0.0012930459883547143,False,False,False,SIMULATED_METHOD_VALIDATION,sigma_0.03,0.03
0,-2.7100096813215764,-2.6848004371978544,0,0,ACTION_0,ACTION_0,1.862711820934373,0.02520924412372194,0.013533625459614299,False,False,False,SIMULATED_METHOD_VALIDATION,sigma_0.03,0.03
0,-15.515048879196936,-15.566868491892706,0,0,ACTION_0,ACTION_0,14.667751018809732,0.051819612695769735,0.0035328942132517075,False,False,False,SIMULATED_METHOD_VALIDATION,sigma_0.03,0.03
0,-3.4811399057619035,-3.4681071964555277,0,0,ACTION_0,ACTION_0,2.6338420453747,0.01303270930637579,0.0049481742192029245,False,False,False,SIMULATED_METHOD_VALIDATION,sigma_0.03,0.03
1,2.6633661467985235,2.6704982148684917,1,1,ACTION_1,ACTION_1,1.81606828641132,0.007132068069968245,0.003927202585571118,False,False,False,SIMULATED_METHOD_VALIDATION,sigma_0.03,0.03
1,5.943345567555742,5.925521068884838,1,1,ACTION_1,ACTION_1,5.096047707168538,0.017824498670903743,0.0034977103228115924,False,False,False,SIMULATED_METHOD_VALIDATION,sigma_0.03,0.03
1,2.5861730581676845,2.542791322536031,1,1,ACTION_1,ACTION_1,1.738875197780481,0.043381735631653484,0.02494815941191547,False,False,False,SIMULATED_METHOD_VALIDATION,sigma_0.03,0.03
1,2.8332824615872276,2.8637541695626707,1,1,ACTION_1,ACTION_1,1.9859846012000242,0.030471707975443074,0.015343375752778068,False,False,False,SIMULATED_METHOD_VALIDATION,sigma_0.1,0.1
1,5.685447193746231,5.581448783122182,1,1,ACTION_1,ACTION_1,4.838149333359028,0.10399841062404924,0.021495494135945835,False,False,False,SIMULATED_METHOD_VALIDATION,sigma_0.1,0.1
0,-12.954214692234583,-12.879169572653938,0,0,ACTION_0,ACTION_0,12.106916831847379,0.07504511958064519,0.006198532675407349,False,False,False,SIMULATED_METHOD_VALIDATION,sigma_0.1,0.1
0,-13.602830700444716,-13.508774228805596,0,0,ACTION_0,ACTION_0,12.755532840057512,0.09405647163912079,0.007373778329647317,False,False,False,SIMULATED_METHOD_VALIDATION,sigma_0.1,0.1
0,0.4754401414300311,0.2803366225646474,1,1,REVIEW,REVIEW,0.37185771895717235,0.19510351886538368,0.524672499504721,False,False,True,SIMULATED_METHOD_VALIDATION,sigma_0.1,0.1
0,-4.962623475134766,-5.092841425820998,0,0,ACTION_0,ACTION_0,4.1153256147475625,0.130217950686232,0.031642198668213925,False,False,False,SIMULATED_METHOD_VALIDATION,sigma_0.1,0.1
0,-5.686292471547457,-5.6735084312307285,0,0,ACTION_0,ACTION_0,4.8389946111602535,0.012784040316728529,0.002641879428268939,False,False,False,SIMULATED_METHOD_VALIDATION,sigma_0.1,0.1
1,3.100483483435312,3.0688592242009536,1,1,ACTION_1,ACTION_1,2.2531856230481084,0.0316242592343583,0.014035354615647252,False,False,False,SIMULATED_METHOD_VALIDATION,sigma_0.1,0.1
1,6.479704597615388,6.478024481864959,1,1,ACTION_1,ACTION_1,5.632406737228185,0.0016801157504291453,0.0002982944643049629,False,False,False,SIMULATED_METHOD_VALIDATION,sigma_0.1,0.1
0,-15.205132179141163,-15.290436571898521,0,0,ACTION_0,ACTION_0,14.357834318753959,0.08530439275735802,0.00594131335294313,False,False,False,SIMULATED_METHOD_VALIDATION,sigma_0.1,0.1
0,-12.928766935939262,-12.840827138452978,0,0,ACTION_0,ACTION_0,12.081469075552057,0.08793979748628367,0.007278899357052345,False,False,False,SIMULATED_METHOD_VALIDATION,sigma_0.1,0.1
1,8.909057859891398,8.986837053434293,1,1,ACTION_1,ACTION_1,8.061759999504194,0.07777919354289509,0.009647917272119064,False,False,False,SIMULATED_METHOD_VALIDATION,sigma_0.1,0.1
0,-2.443560563865283,-2.4369574941091616,0,0,ACTION_0,ACTION_0,1.5962627034780796,0.00660306975612146,0.004136580865877592,False,False,False,SIMULATED_METHOD_VALIDATION,sigma_0.1,0.1
0,-11.933831774861407,-11.821107654164603,0,0,ACTION_0,ACTION_0,11.086533914474202,0.11272412069680371,0.010167661197485259,False,False,False,SIMULATED_METHOD_VALIDATION,sigma_0.1,0.1
1,2.1311686486357644,2.177919582860969,1,1,ACTION_1,ACTION_1,1.283870788248561,0.0467509342252046,0.036414049336679424,False,False,True,SIMULATED_METHOD_VALIDATION,sigma_0.1,0.1
0,-2.9705950850747733,-3.056524331363097,0,0,ACTION_0,ACTION_0,2.12329722468757,0.08592924628832366,0.04046972100242236,False,False,False,SIMULATED_METHOD_VALIDATION,sigma_0.1,0.1
1,4.381688198493954,4.418563276902204,1,1,ACTION_1,ACTION_1,3.5343903381067507,0.036875078408249884,0.010433221823485002,False,False,False,SIMULATED_METHOD_VALIDATION,sigma_0.1,0.1
1,4.086248850490957,3.990360590408057,1,1,ACTION_1,ACTION_1,3.2389509901037536,0.09588826008290008,0.029604727078574436,False,False,False,SIMULATED_METHOD_VALIDATION,sigma_0.1,0.1
1,4.915741589117683,5.00358661924841,1,1,ACTION_1,ACTION_1,4.06844372873048,0.08784503013072698,0.021591801678461017,False,False,False,SIMULATED_METHOD_VALIDATION,sigma_0.1,0.1
1,5.720201028618742,5.715208437520117,1,1,ACTION_1,ACTION_1,4.872903168231539,0.004992591098625709,0.0010245619349004236,False,False,False,SIMULATED_METHOD_VALIDATION,sigma_0.1,0.1
1,6.838847380389783,6.820361144035257,1,1,ACTION_1,ACTION_1,5.99154952000258,0.018486236354526397,0.0030853848896367692,False,False,False,SIMULATED_METHOD_VALIDATION,sigma_0.1,0.1
1,6.895073792527683,6.826980838087288,1,1,ACTION_1,ACTION_1,6.047775932140479,0.06809295444039432,0.011259172827240359,False,False,False,SIMULATED_METHOD_VALIDATION,sigma_0.1,0.1
0,2.6064364007504217,2.728690534617825,1,1,ACTION_1,ACTION_1,1.7591385403632183,0.12225413386740325,0.06949659225939124,False,False,False,SIMULATED_METHOD_VALIDATION,sigma_0.1,0.1
0,-5.662890680384169,-5.678343628591049,0,0,ACTION_0,ACTION_0,4.815592819996966,0.015452948206879924,0.0032089399549544264,False,False,False,SIMULATED_METHOD_VALIDATION,sigma_0.1,0.1
1,6.124791303862647,6.081958521646336,1,1,ACTION_1,ACTION_1,5.277493443475444,0.04283278221631104,0.008116122298411405,False,False,False,SIMULATED_METHOD_VALIDATION,sigma_0.1,0.1
1,8.181410697080242,8.146197342031419,1,1,ACTION_1,ACTION_1,7.334112836693039,0.03521335504882295,0.0048013107833095045,False,False,False,SIMULATED_METHOD_VALIDATION,sigma_0.1,0.1
1,1.1370365414498487,1.1902674600051835,1,1,ACTION_1,ACTION_1,0.2897386810626452,0.053230918555334794,0.18372044202073795,False,False,True,SIMULATED_METHOD_VALIDATION,sigma_0.1,0.1
0,0.5421966101057514,0.5787410165421593,1,1,REVIEW,REVIEW,0.3051012502814521,0.036544406436407884,0.11977796355372561,False,False,True,SIMULATED_METHOD_VALIDATION,sigma_0.1,0.1
1,4.844376678166977,4.885649939326576,1,1,ACTION_1,ACTION_1,3.997078817779774,0.04127326115959917,0.010325856216797073,False,False,False,SIMULATED_METHOD_VALIDATION,sigma_0.1,0.1
1,4.828414573920913,4.871496674221701,1,1,ACTION_1,ACTION_1,3.9811167135337096,0.043082100300788184,0.010821611974934477,False,False,False,SIMULATED_METHOD_VALIDATION,sigma_0.1,0.1
0,-39.95566756709209,-39.74150280700505,0,0,ACTION_0,ACTION_0,39.10836970670489,0.21416476008704421,0.0054761873658550125,False,False,False,SIMULATED_METHOD_VALIDATION,sigma_0.1,0.1
0,-2.748492457584458,-2.7891339592229194,0,0,ACTION_0,ACTION_0,1.9011945971972546,0.040641501638461364,0.0213768236551772,False,False,False,SIMULATED_METHOD_VALIDATION,sigma_0.1,0.1
1,10.342035612655767,10.290811339748613,1,1,ACTION_1,ACTION_1,9.494737752268563,0.051224272907154145,0.005395017139353344,False,False,False,SIMULATED_METHOD_VALIDATION,sigma_0.1,0.1
0,-15.921893766136574,-16.003271038961362,0,0,ACTION_0,ACTION_0,15.07459590574937,0.08137727282478835,0.005398305422817436,False,False,False,SIMULATED_METHOD_VALIDATION,sigma_0.1,0.1
1,6.812852322495189,6.874450264752738,1,1,ACTION_1,ACTION_1,5.965554462107986,0.06159794225754922,0.010325602196544695,False,False,False,SIMULATED_METHOD_VALIDATION,sigma_0.1,0.1
1,6.314599824154026,6.427497053426116,1,1,ACTION_1,ACTION_1,5.467301963766823,0.11289722927208956,0.02064953244219685,False,False,False,SIMULATED_METHOD_VALIDATION,sigma_0.1,0.1
1,3.0325436600223767,3.021148914256889,1,1,ACTION_1,ACTION_1,2.1852457996351733,0.011394745765487713,0.005214400031058321,False,False,False,SIMULATED_METHOD_VALIDATION,sigma_0.1,0.1
1,6.852079322309017,6.768063674612764,1,1,ACTION_1,ACTION_1,6.004781461921813,0.08401564769625303,0.013991458012089595,False,False,False,SIMULATED_METHOD_VALIDATION,sigma_0.1,0.1
1,1.1522605747221029,1.069812453152979,1,1,ACTION_1,ACTION_1,0.3049627143348994,0.08244812156912396,0.27035476041370193,False,False,True,SIMULATED_METHOD_VALIDATION,sigma_0.1,0.1
1,4.950312248316049,5.015371527098519,1,1,ACTION_1,ACTION_1,4.103014387928845,0.06505927878246975,0.015856458844959335,False,False,False,SIMULATED_METHOD_VALIDATION,sigma_0.1,0.1
1,3.2547401547179184,3.3290655718382625,1,1,ACTION_1,ACTION_1,2.407442294330715,0.07432541712034402,0.030873187405310986,False,False,False,SIMULATED_METHOD_VALIDATION,sigma_0.1,0.1
1,6.783458090389772,6.837773517220291,1,1,ACTION_1,ACTION_1,5.936160230002568,0.054315426830519264,0.00914992600031212,False,False,False,SIMULATED_METHOD_VALIDATION,sigma_0.1,0.1
1,7.135469633182346,7.068918662453477,1,1,ACTION_1,ACTION_1,6.288171772795143,0.06655097072886917,0.01058351666167776,False,False,False,SIMULATED_METHOD_VALIDATION,sigma_0.1,0.1
0,-26.040160230352836,-26.016944098046164,0,0,ACTION_0,ACTION_0,25.19286236996563,0.023216132306671966,0.0009215361067644985,False,False,False,SIMULATED_METHOD_VALIDATION,sigma_0.1,0.1
1,8.769595055402682,8.781263636316755,1,1,ACTION_1,ACTION_1,7.922297195015479,0.011668580914072635,0.0014728784627537363,False,False,False,SIMULATED_METHOD_VALIDATION,sigma_0.1,0.1
1,4.1047784704809835,4.126647330153885,1,1,ACTION_1,ACTION_1,3.25748061009378,0.02186885967290131,0.0067134274276683175,False,False,False,SIMULATED_METHOD_VALIDATION,sigma_0.1,0.1
0,-10.169408530996787,-10.082265653201969,0,0,ACTION_0,ACTION_0,9.322110670609582,0.08714287779481822,0.00934797717748183,False,False,False,SIMULATED_METHOD_VALIDATION,sigma_0.1,0.1
1,5.653868087146023,5.676227642023491,1,1,ACTION_1,ACTION_1,4.8065702267588195,0.022359554877468213,0.004651873128366997,False,False,False,SIMULATED_METHOD_VALIDATION,sigma_0.1,0.1
0,-4.4902364043650245,-4.422345048057835,0,0,ACTION_0,ACTION_0,3.642938543977821,0.06789135630718945,0.018636426469346115,False,False,False,SIMULATED_METHOD_VALIDATION,sigma_0.1,0.1
1,8.551947665141736,8.558705572090625,1,1,ACTION_1,ACTION_1,7.704649804754532,0.006757906948889669,0.0008771205856389957,False,False,False,SIMULATED_METHOD_VALIDATION,sigma_0.1,0.1
1,6.467557905672912,6.4964698455419105,1,1,ACTION_1,ACTION_1,5.6202600452857086,0.028911939868998537,0.00514423525531527,False,False,False,SIMULATED_METHOD_VALIDATION,sigma_0.1,0.1
0,-9.153303774979445,-9.090174952395591,0,0,ACTION_0,ACTION_0,8.306005914592241,0.06312882258385422,0.007600382570514139,False,False,False,SIMULATED_METHOD_VALIDATION,sigma_0.1,0.1
0,-0.7713139467044172,-0.9170295286899839,0,0,REVIEW,ACTION_0,0.07598391368278634,0.14571558198556667,1.917716197061031,False,True,True,SIMULATED_METHOD_VALIDATION,sigma_0.1,0.1
0,-3.0873103719449624,-3.1192774935806926,0,0,ACTION_0,ACTION_0,2.240012511557759,0.03196712163573023,0.014270956733853028,False,False,False,SIMULATED_METHOD_VALIDATION,sigma_0.1,0.1
1,5.647746729328464,5.600709463899184,1,1,ACTION_1,ACTION_1,4.8004488689412605,0.047037265429279884,0.00979851399597429,False,False,False,SIMULATED_METHOD_VALIDATION,sigma_0.1,0.1
0,-11.466636846645581,-11.530524631469916,0,0,ACTION_0,ACTION_0,10.619338986258377,0.06388778482433466,0.006016173408439701,False,False,False,SIMULATED_METHOD_VALIDATION,sigma_0.1,0.1
0,-0.49230568619243087,-0.5198199113150992,0,0,REVIEW,REVIEW,0.3549921741947727,0.027514225122668323,0.07750656809570163,False,False,True,SIMULATED_METHOD_VALIDATION,sigma_0.1,0.1
0,-19.756457846697632,-19.606963715574192,0,0,ACTION_0,ACTION_0,18.909159986310428,0.1494941311234399,0.007905910745462433,False,False,False,SIMULATED_METHOD_VALIDATION,sigma_0.1,0.1
1,16.77564862949741,16.689065517928086,1,1,ACTION_1,ACTION_1,15.928350769110207,0.08658311156932541,0.005435786342502937,False,False,False,SIMULATED_METHOD_VALIDATION,sigma_0.1,0.1
1,5.81785823659845,5.914686072057599,1,1,ACTION_1,ACTION_1,4.970560376211247,0.0968278354591483,0.019480265428936248,False,False,False,SIMULATED_METHOD_VALIDATION,sigma_0.1,0.1
1,2.5385286742630733,2.370241697101493,1,1,ACTION_1,ACTION_1,1.6912308138758698,0.16828697716158025,0.09950562382192493,False,False,False,SIMULATED_METHOD_VALIDATION,sigma_0.1,0.1
1,9.765415720050882,9.731927217052304,1,1,ACTION_1,ACTION_1,8.918117859663678,0.033488502998578085,0.0037551088161825452,False,False,False,SIMULATED_METHOD_VALIDATION,sigma_0.1,0.1
0,-12.9461913077925,-12.929916001281999,0,0,ACTION_0,ACTION_0,12.098893447405295,0.016275306510500798,0.001345189672200243,False,False,False,SIMULATED_METHOD_VALIDATION,sigma_0.1,0.1
0,-4.370195510106793,-4.311573276970865,0,0,ACTION_0,ACTION_0,3.5228976497195896,0.05862223313592807,0.016640345239832384,False,False,False,SIMULATED_METHOD_VALIDATION,sigma_0.1,0.1
1,7.2607656696569585,7.331888327636244,1,1,ACTION_1,ACTION_1,6.413467809269755,0.07112265797928519,0.011089579006927813,False,False,False,SIMULATED_METHOD_VALIDATION,sigma_0.1,0.1
1,1.4951227863639147,1.5744575098839073,1,1,ACTION_1,ACTION_1,0.6478249259767113,0.0793347235199926,0.1224632155059199,False,False,True,SIMULATED_METHOD_VALIDATION,sigma_0.1,0.1
1,3.162608512414735,3.1277360051898913,1,1,ACTION_1,ACTION_1,2.3153106520275317,0.03487250722484392,0.015061696880418984,False,False,False,SIMULATED_METHOD_VALIDATION,sigma_0.1,0.1
1,7.727230931878097,7.68099575261164,1,1,ACTION_1,ACTION_1,6.8799330714908935,0.04623517926645704,0.006720294919444296,False,False,False,SIMULATED_METHOD_VALIDATION,sigma_0.1,0.1
1,4.607143462655852,4.692941050781568,1,1,ACTION_1,ACTION_1,3.7598456022686486,0.08579758812571558,0.022819444520260693,False,False,False,SIMULATED_METHOD_VALIDATION,sigma_0.1,0.1
0,-3.1267715389221316,-3.145901971410293,0,0,ACTION_0,ACTION_0,2.279473678534928,0.019130432488161375,0.008392477907644434,False,False,False,SIMULATED_METHOD_VALIDATION,sigma_0.1,0.1
1,7.816205905302137,7.688637272968345,1,1,ACTION_1,ACTION_1,6.968908044914934,0.12756863233379256,0.01830539756179976,False,False,False,SIMULATED_METHOD_VALIDATION,sigma_0.1,0.1
0,-6.958679837028161,-7.072008558428509,0,0,ACTION_0,ACTION_0,6.111381976640957,0.11332872140034844,0.018543877936858747,False,False,False,SIMULATED_METHOD_VALIDATION,sigma_0.1,0.1
1,2.3294430527874006,2.2374978241872396,1,1,ACTION_1,ACTION_1,1.4821451924001972,0.09194522860016097,0.0620352372167157,False,False,True,SIMULATED_METHOD_VALIDATION,sigma_0.1,0.1
1,5.142125072169797,5.1918411465751735,1,1,ACTION_1,ACTION_1,4.294827211782594,0.049716074405376176,0.01157580315896835,False,False,False,SIMULATED_METHOD_VALIDATION,sigma_0.1,0.1
0,-10.345578411714126,-10.33133583810707,0,0,ACTION_0,ACTION_0,9.498280551326921,0.014242573607056386,0.0014994896739564806,False,False,False,SIMULATED_METHOD_VALIDATION,sigma_0.1,0.1
1,5.253821349240152,5.322869884646929,1,1,ACTION_1,ACTION_1,4.406523488852948,0.06904853540677713,0.015669617007930892,False,False,False,SIMULATED_METHOD_VALIDATION,sigma_0.1,0.1
1,7.0311308223686595,6.988405557735006,1,1,ACTION_1,ACTION_1,6.183832961981456,0.04272526463365356,0.006909188022433793,False,False,False,SIMULATED_METHOD_VALIDATION,sigma_0.1,0.1
1,9.721509638123539,9.737363607231211,1,1,ACTION_1,ACTION_1,8.874211777736335,0.015853969107672228,0.001786521384067793,False,False,False,SIMULATED_METHOD_VALIDATION,sigma_0.1,0.1
1,4.276990648714026,4.339549688110759,1,1,ACTION_1,ACTION_1,3.4296927883268227,0.06255903939673324,0.018240420719213366,False,False,False,SIMULATED_METHOD_VALIDATION,sigma_0.1,0.1
1,8.531459722247948,8.500525068275925,1,1,ACTION_1,ACTION_1,7.684161861860745,0.03093465397202344,0.0040257681355676846,False,False,False,SIMULATED_METHOD_VALIDATION,sigma_0.1,0.1
0,-25.17403904658229,-25.12836152282655,0,0,ACTION_0,ACTION_0,24.326741186195086,0.0456775237557423,0.001877667189621902,False,False,False,SIMULATED_METHOD_VALIDATION,sigma_0.1,0.1
1,4.83158185656956,4.765389262462895,1,1,ACTION_1,ACTION_1,3.9842839961823566,0.06619259410666523,0.016613422680232973,False,False,False,SIMULATED_METHOD_VALIDATION,sigma_0.1,0.1
0,-10.41500221904295,-10.451307603699458,0,0,ACTION_0,ACTION_0,9.567704358655746,0.03630538465650801,0.0037945763472157375,False,False,False,SIMULATED_METHOD_VALIDATION,sigma_0.1,0.1
1,9.856481934263464,9.81830814486363,1,1,ACTION_1,ACTION_1,9.00918407387626,0.03817378939983307,0.004237208285101511,False,False,False,SIMULATED_METHOD_VALIDATION,sigma_0.1,0.1
1,5.148056354851629,5.028472390292725,1,1,ACTION_1,ACTION_1,4.300758494464426,0.1195839645589043,0.027805319622764845,False,False,False,SIMULATED_METHOD_VALIDATION,sigma_0.1,0.1
1,6.313041268611006,6.361738516689564,1,1,ACTION_1,ACTION_1,5.465743408223802,0.04869724807855835,0.008909537905728996,False,False,False,SIMULATED_METHOD_VALIDATION,sigma_0.1,0.1
0,-10.583063297321733,-10.630003531342005,0,0,ACTION_0,ACTION_0,9.735765436934528,0.0469402340202727,0.00482142203654535,False,False,False,SIMULATED_METHOD_VALIDATION,sigma_0.1,0.1
1,4.82412156550026,4.825370977373028,1,1,ACTION_1,ACTION_1,3.9768237051130564,0.0012494118727683912,0.0003141733115204492,False,False,False,SIMULATED_METHOD_VALIDATION,sigma_0.1,0.1
0,-4.846298488565321,-4.798223822674729,0,0,ACTION_0,ACTION_0,3.999000628178117,0.048074665890591284,0.012021670002210867,False,False,False,SIMULATED_METHOD_VALIDATION,sigma_0.1,0.1
1,8.246358812505601,8.291011930108596,1,1,ACTION_1,ACTION_1,7.399060952118398,0.044653117602994286,0.006034970909411122,False,False,False,SIMULATED_METHOD_VALIDATION,sigma_0.1,0.1
1,0.7616962087415864,0.828234719638865,1,1,REVIEW,REVIEW,0.08560165164561706,0.06653851089727858,0.7773040545145306,False,False,True,SIMULATED_METHOD_VALIDATION,sigma_0.1,0.1
1,9.281828440114833,9.27197989166389,1,1,ACTION_1,ACTION_1,8.434530579727628,0.009848548450943184,0.0011676463032351965,False,False,False,SIMULATED_METHOD_VALIDATION,sigma_0.1,0.1
1,8.289261806012053,8.246931974807637,1,1,ACTION_1,ACTION_1,7.44196394562485,0.042329831204416024,0.005687991975465273,False,False,False,SIMULATED_METHOD_VALIDATION,sigma_0.1,0.1
1,7.234913838127294,7.226942017036654,1,1,ACTION_1,ACTION_1,6.387615977740091,0.007971821090640319,0.0012480119528821005,False,False,False,SIMULATED_METHOD_VALIDATION,sigma_0.1,0.1
1,12.351824386832767,12.183090943436964,1,1,ACTION_1,ACTION_1,11.504526526445563,0.1687334433958032,0.014666700364237855,False,False,False,SIMULATED_METHOD_VALIDATION,sigma_0.1,0.1
1,6.868596459532657,6.723885212290349,1,1,ACTION_1,ACTION_1,6.021298599145454,0.14471124724230844,0.02403322885578967,False,False,False,SIMULATED_METHOD_VALIDATION,sigma_0.1,0.1
0,-3.190481883796341,-3.3227518450317812,0,0,ACTION_0,ACTION_0,2.3431840234091377,0.1322699612354401,0.05644881490912452,False,False,False,SIMULATED_METHOD_VALIDATION,sigma_0.1,0.1
1,5.653319310676391,5.553594627916243,1,1,ACTION_1,ACTION_1,4.806021450289188,0.09972468276014812,0.020749945415692535,False,False,False,SIMULATED_METHOD_VALIDATION,sigma_0.1,0.1
0,-13.136191480458063,-13.09621405778572,0,0,ACTION_0,ACTION_0,12.288893620070859,0.03997742267234372,0.0032531344080520413,False,False,False,SIMULATED_METHOD_VALIDATION,sigma_0.1,0.1
0,-5.65116841750633,-5.741716323042336,0,0,ACTION_0,ACTION_0,4.803870557119127,0.09054790553600611,0.018848947834745063,False,False,False,SIMULATED_METHOD_VALIDATION,sigma_0.1,0.1
1,3.0708800839719252,3.033063828567986,1,1,ACTION_1,ACTION_1,2.223582223584722,0.03781625540393918,0.017006906694448272,False,False,False,SIMULATED_METHOD_VALIDATION,sigma_0.1,0.1
0,-9.961847321061388,-9.83192449128278,0,0,ACTION_0,ACTION_0,9.114549460674183,0.12992282977860725,0.014254443441134955,False,False,False,SIMULATED_METHOD_VALIDATION,sigma_0.1,0.1
1,2.0925575325683923,2.0569311354622495,1,1,ACTION_1,ACTION_1,1.2452596721811888,0.03562639710614279,0.028609612839818242,False,False,True,SIMULATED_METHOD_VALIDATION,sigma_0.1,0.1
1,2.26995979327603,2.3437113501227387,1,1,ACTION_1,ACTION_1,1.4226619328888264,0.07375155684670887,0.05184053578839391,False,False,True,SIMULATED_METHOD_VALIDATION,sigma_0.1,0.1
0,-10.224512123084931,-10.317873891085918,0,0,ACTION_0,ACTION_0,9.377214262697727,0.09336176800098706,0.009956237042847291,False,False,False,SIMULATED_METHOD_VALIDATION,sigma_0.1,0.1
0,-6.16604769371968,-6.186591449506443,0,0,ACTION_0,ACTION_0,5.318749833332476,0.02054375578676293,0.0038625158976298736,False,False,False,SIMULATED_METHOD_VALIDATION,sigma_0.1,0.1
1,13.506903964131698,13.41190175864064,1,1,ACTION_1,ACTION_1,12.659606103744494,0.09500220549105798,0.00750435714290968,False,False,False,SIMULATED_METHOD_VALIDATION,sigma_0.1,0.1
1,8.713214748585624,8.679311440995567,1,1,ACTION_1,ACTION_1,7.865916888198421,0.033903307590057,0.00431015329451594,False,False,False,SIMULATED_METHOD_VALIDATION,sigma_0.1,0.1
0,-2.7100096813215764,-2.625978867575837,0,0,ACTION_0,ACTION_0,1.862711820934373,0.08403081374573951,0.04511208486538084,False,False,False,SIMULATED_METHOD_VALIDATION,sigma_0.1,0.1
0,-15.515048879196936,-15.68778092151617,0,0,ACTION_0,ACTION_0,14.667751018809732,0.17273204231923422,0.01177631404417248,False,False,False,SIMULATED_METHOD_VALIDATION,sigma_0.1,0.1
0,-3.4811399057619035,-3.4376975414073176,0,0,ACTION_0,ACTION_0,2.6338420453747,0.043442364354585816,0.016493914064009692,False,False,False,SIMULATED_METHOD_VALIDATION,sigma_0.1,0.1
1,2.6633661467985235,2.687139707031751,1,1,ACTION_1,ACTION_1,1.81606828641132,0.02377356023322763,0.01309067528523714,False,False,False,SIMULATED_METHOD_VALIDATION,sigma_0.1,0.1
1,5.943345567555742,5.883930571986062,1,1,ACTION_1,ACTION_1,5.096047707168538,0.05941499556967944,0.011659034409372033,False,False,False,SIMULATED_METHOD_VALIDATION,sigma_0.1,0.1
1,2.5861730581676845,2.441567272728839,1,1,ACTION_1,ACTION_1,1.738875197780481,0.1446057854388454,0.08316053137305182,False,False,False,SIMULATED_METHOD_VALIDATION,sigma_0.1,0.1
1,2.8332824615872276,2.924697585513557,1,1,ACTION_1,ACTION_1,1.9859846012000242,0.09141512392632922,0.046030127258334205,False,False,False,SIMULATED_METHOD_VALIDATION,sigma_0.3,0.3
1,5.685447193746231,5.373451961874083,1,1,ACTION_1,ACTION_1,4.838149333359028,0.3119952318721486,0.06448648240783769,False,False,False,SIMULATED_METHOD_VALIDATION,sigma_0.3,0.3
0,-12.954214692234583,-12.729079333492646,0,0,ACTION_0,ACTION_0,12.106916831847379,0.22513535874193735,0.018595598026222192,False,False,False,SIMULATED_METHOD_VALIDATION,sigma_0.3,0.3
0,-13.602830700444716,-13.320661285527352,0,0,ACTION_0,ACTION_0,12.755532840057512,0.28216941491736414,0.02212133498894209,False,False,False,SIMULATED_METHOD_VALIDATION,sigma_0.3,0.3
0,0.4754401414300311,-0.10987041516611984,1,0,REVIEW,REVIEW,0.37185771895717235,0.5853105565961509,1.5740174985141626,True,False,True,SIMULATED_METHOD_VALIDATION,sigma_0.3,0.3
0,-4.962623475134766,-5.353277327193461,0,0,ACTION_0,ACTION_0,4.1153256147475625,0.3906538520586951,0.09492659600464157,False,False,False,SIMULATED_METHOD_VALIDATION,sigma_0.3,0.3
0,-5.686292471547457,-5.647940350597271,0,0,ACTION_0,ACTION_0,4.8389946111602535,0.038352120950185586,0.007925638284806817,False,False,False,SIMULATED_METHOD_VALIDATION,sigma_0.3,0.3
1,3.100483483435312,3.0056107057322374,1,1,ACTION_1,ACTION_1,2.2531856230481084,0.09487277770307445,0.04210606384694156,False,False,False,SIMULATED_METHOD_VALIDATION,sigma_0.3,0.3
1,6.479704597615388,6.474664250364102,1,1,ACTION_1,ACTION_1,5.632406737228185,0.005040347251286548,0.000894883392914731,False,False,False,SIMULATED_METHOD_VALIDATION,sigma_0.3,0.3
0,-15.205132179141163,-15.461045357413237,0,0,ACTION_0,ACTION_0,14.357834318753959,0.25591317827207405,0.01782394005882939,False,False,False,SIMULATED_METHOD_VALIDATION,sigma_0.3,0.3
0,-12.928766935939262,-12.664947543480412,0,0,ACTION_0,ACTION_0,12.081469075552057,0.2638193924588492,0.02183669807115689,False,False,False,SIMULATED_METHOD_VALIDATION,sigma_0.3,0.3
1,8.909057859891398,9.142395440520083,1,1,ACTION_1,ACTION_1,8.061759999504194,0.23333758062868526,0.028943751816357194,False,False,False,SIMULATED_METHOD_VALIDATION,sigma_0.3,0.3
0,-2.443560563865283,-2.4237513545969183,0,0,ACTION_0,ACTION_0,1.5962627034780796,0.019809209268364825,0.012409742597633054,False,False,False,SIMULATED_METHOD_VALIDATION,sigma_0.3,0.3
0,-11.933831774861407,-11.595659412770997,0,0,ACTION_0,ACTION_0,11.086533914474202,0.33817236209040935,0.030502983592455617,False,False,False,SIMULATED_METHOD_VALIDATION,sigma_0.3,0.3
1,2.1311686486357644,2.271421451311378,1,1,ACTION_1,ACTION_1,1.283870788248561,0.1402528026756138,0.10924214801003827,False,False,True,SIMULATED_METHOD_VALIDATION,sigma_0.3,0.3
0,-2.9705950850747733,-3.2283828239397447,0,0,ACTION_0,ACTION_0,2.12329722468757,0.2577877388649714,0.1214091630072673,False,False,False,SIMULATED_METHOD_VALIDATION,sigma_0.3,0.3
1,4.381688198493954,4.492313433718704,1,1,ACTION_1,ACTION_1,3.5343903381067507,0.11062523522474965,0.031299665470455006,False,False,False,SIMULATED_METHOD_VALIDATION,sigma_0.3,0.3
1,4.086248850490957,3.7985840702422573,1,1,ACTION_1,ACTION_1,3.2389509901037536,0.2876647802486998,0.08881418123572317,False,False,False,SIMULATED_METHOD_VALIDATION,sigma_0.3,0.3
1,4.915741589117683,5.179276679509865,1,1,ACTION_1,ACTION_1,4.06844372873048,0.2635350903921818,0.06477540503538327,False,False,False,SIMULATED_METHOD_VALIDATION,sigma_0.3,0.3
1,5.720201028618742,5.705223255322866,1,1,ACTION_1,ACTION_1,4.872903168231539,0.01497777329587624,0.0030736858047010884,False,False,False,SIMULATED_METHOD_VALIDATION,sigma_0.3,0.3
1,6.838847380389783,6.783388671326205,1,1,ACTION_1,ACTION_1,5.99154952000258,0.055458709063578304,0.009256154668910159,False,False,False,SIMULATED_METHOD_VALIDATION,sigma_0.3,0.3
1,6.895073792527683,6.6907949292065005,1,1,ACTION_1,ACTION_1,6.047775932140479,0.20427886332118206,0.033777518481720926,False,False,False,SIMULATED_METHOD_VALIDATION,sigma_0.3,0.3
0,2.6064364007504217,2.9731988023526306,1,1,ACTION_1,ACTION_1,1.7591385403632183,0.36676240160220885,0.20848977677817324,False,False,False,SIMULATED_METHOD_VALIDATION,sigma_0.3,0.3
0,-5.662890680384169,-5.70924952500481,0,0,ACTION_0,ACTION_0,4.815592819996966,0.04635884462064066,0.009626819864863464,False,False,False,SIMULATED_METHOD_VALIDATION,sigma_0.3,0.3
1,6.124791303862647,5.996292957213715,1,1,ACTION_1,ACTION_1,5.277493443475444,0.12849834664893223,0.024348366895234046,False,False,False,SIMULATED_METHOD_VALIDATION,sigma_0.3,0.3
1,8.181410697080242,8.075770631933773,1,1,ACTION_1,ACTION_1,7.334112836693039,0.10564006514646884,0.014403932349928514,False,False,False,SIMULATED_METHOD_VALIDATION,sigma_0.3,0.3
1,1.1370365414498487,1.2967292971158533,1,1,ACTION_1,ACTION_1,0.2897386810626452,0.1596927556660046,0.5511613260622146,False,False,True,SIMULATED_METHOD_VALIDATION,sigma_0.3,0.3
0,0.5421966101057514,0.6518298294149749,1,1,REVIEW,REVIEW,0.3051012502814521,0.10963321930922354,0.3593338906611765,False,False,True,SIMULATED_METHOD_VALIDATION,sigma_0.3,0.3
1,4.844376678166977,4.968196461645774,1,1,ACTION_1,ACTION_1,3.997078817779774,0.12381978347879663,0.030977568650391,False,False,False,SIMULATED_METHOD_VALIDATION,sigma_0.3,0.3
1,4.828414573920913,4.9576608748232776,1,1,ACTION_1,ACTION_1,3.9811167135337096,0.12924630090236455,0.03246483592480343,False,False,False,SIMULATED_METHOD_VALIDATION,sigma_0.3,0.3
0,-39.95566756709209,-39.31317328683095,0,0,ACTION_0,ACTION_0,39.10836970670489,0.6424942802611397,0.016428562097565217,False,False,False,SIMULATED_METHOD_VALIDATION,sigma_0.3,0.3
0,-2.748492457584458,-2.8704169624998426,0,0,ACTION_0,ACTION_0,1.9011945971972546,0.12192450491538454,0.06413047096553184,False,False,False,SIMULATED_METHOD_VALIDATION,sigma_0.3,0.3
1,10.342035612655767,10.188362793934306,1,1,ACTION_1,ACTION_1,9.494737752268563,0.15367281872146066,0.016185051418059846,False,False,False,SIMULATED_METHOD_VALIDATION,sigma_0.3,0.3
0,-15.921893766136574,-16.16602558461094,0,0,ACTION_0,ACTION_0,15.07459590574937,0.24413181847436505,0.01619491626845231,False,False,False,SIMULATED_METHOD_VALIDATION,sigma_0.3,0.3
1,6.812852322495189,6.997646149267838,1,1,ACTION_1,ACTION_1,5.965554462107986,0.18479382677264855,0.030976806589634233,False,False,False,SIMULATED_METHOD_VALIDATION,sigma_0.3,0.3
1,6.314599824154026,6.653291511970294,1,1,ACTION_1,ACTION_1,5.467301963766823,0.3386916878162678,0.061948597326590395,False,False,False,SIMULATED_METHOD_VALIDATION,sigma_0.3,0.3
1,3.0325436600223767,2.998359422725914,1,1,ACTION_1,ACTION_1,2.1852457996351733,0.034184237296462694,0.01564320009317476,False,False,False,SIMULATED_METHOD_VALIDATION,sigma_0.3,0.3
1,6.852079322309017,6.600032379220258,1,1,ACTION_1,ACTION_1,6.004781461921813,0.2520469430887582,0.041974374036268636,False,False,False,SIMULATED_METHOD_VALIDATION,sigma_0.3,0.3
1,1.1522605747221029,0.904916210014731,1,1,ACTION_1,ACTION_1,0.3049627143348994,0.24734436470737187,0.8110642812411059,False,False,True,SIMULATED_METHOD_VALIDATION,sigma_0.3,0.3
1,4.950312248316049,5.145490084663459,1,1,ACTION_1,ACTION_1,4.103014387928845,0.19517783634741015,0.04756937653487822,False,False,False,SIMULATED_METHOD_VALIDATION,sigma_0.3,0.3
1,3.2547401547179184,3.477716406078951,1,1,ACTION_1,ACTION_1,2.407442294330715,0.2229762513610325,0.09261956221593315,False,False,False,SIMULATED_METHOD_VALIDATION,sigma_0.3,0.3
1,6.783458090389772,6.94640437088133,1,1,ACTION_1,ACTION_1,5.936160230002568,0.16294628049155868,0.027449778000936505,False,False,False,SIMULATED_METHOD_VALIDATION,sigma_0.3,0.3
1,7.135469633182346,6.935816720995738,1,1,ACTION_1,ACTION_1,6.288171772795143,0.1996529121866084,0.031750549985033426,False,False,False,SIMULATED_METHOD_VALIDATION,sigma_0.3,0.3
0,-26.040160230352836,-25.97051183343282,0,0,ACTION_0,ACTION_0,25.19286236996563,0.0696483969200159,0.0027646083202934957,False,False,False,SIMULATED_METHOD_VALIDATION,sigma_0.3,0.3
1,8.769595055402682,8.8046007981449,1,1,ACTION_1,ACTION_1,7.922297195015479,0.035005742742217905,0.0044186353882612085,False,False,False,SIMULATED_METHOD_VALIDATION,sigma_0.3,0.3
1,4.1047784704809835,4.1703850494996875,1,1,ACTION_1,ACTION_1,3.25748061009378,0.06560657901870393,0.020140282283004952,False,False,False,SIMULATED_METHOD_VALIDATION,sigma_0.3,0.3
0,-10.169408530996787,-9.90797989761233,0,0,ACTION_0,ACTION_0,9.322110670609582,0.26142863338445643,0.028043931532445682,False,False,False,SIMULATED_METHOD_VALIDATION,sigma_0.3,0.3
1,5.653868087146023,5.720946751778428,1,1,ACTION_1,ACTION_1,4.8065702267588195,0.06707866463240464,0.01395561938510099,False,False,False,SIMULATED_METHOD_VALIDATION,sigma_0.3,0.3
0,-4.4902364043650245,-4.286562335443456,0,0,ACTION_0,ACTION_0,3.642938543977821,0.20367406892156836,0.05590927940803834,False,False,False,SIMULATED_METHOD_VALIDATION,sigma_0.3,0.3
1,8.551947665141736,8.572221385988403,1,1,ACTION_1,ACTION_1,7.704649804754532,0.02027372084666723,0.0026313617569167567,False,False,False,SIMULATED_METHOD_VALIDATION,sigma_0.3,0.3
1,6.467557905672912,6.554293725279908,1,1,ACTION_1,ACTION_1,5.6202600452857086,0.08673581960699561,0.01543270576594581,False,False,False,SIMULATED_METHOD_VALIDATION,sigma_0.3,0.3
0,-9.153303774979445,-8.963917307227883,0,0,ACTION_0,ACTION_0,8.306005914592241,0.18938646775156265,0.022801147711542416,False,False,False,SIMULATED_METHOD_VALIDATION,sigma_0.3,0.3
0,-0.7713139467044172,-1.2084606926611172,0,0,REVIEW,ACTION_0,0.07598391368278634,0.4371467459567,5.753148591183093,False,True,True,SIMULATED_METHOD_VALIDATION,sigma_0.3,0.3
0,-3.0873103719449624,-3.1832117368521526,0,0,ACTION_0,ACTION_0,2.240012511557759,0.09590136490719026,0.042812870201558884,False,False,False,SIMULATED_METHOD_VALIDATION,sigma_0.3,0.3
1,5.647746729328464,5.506634933040625,1,1,ACTION_1,ACTION_1,4.8004488689412605,0.14111179628783876,0.029395541987922682,False,False,False,SIMULATED_METHOD_VALIDATION,sigma_0.3,0.3
0,-11.466636846645581,-11.658300201118584,0,0,ACTION_0,ACTION_0,10.619338986258377,0.1916633544730022,0.018048520225318936,False,False,False,SIMULATED_METHOD_VALIDATION,sigma_0.3,0.3
0,-0.49230568619243087,-0.574848361560436,0,0,REVIEW,REVIEW,0.3549921741947727,0.08254267536800508,0.2325197042871052,False,False,True,SIMULATED_METHOD_VALIDATION,sigma_0.3,0.3
0,-19.756457846697632,-19.307975453327312,0,0,ACTION_0,ACTION_0,18.909159986310428,0.4484823933703197,0.0237177322363873,False,False,False,SIMULATED_METHOD_VALIDATION,sigma_0.3,0.3
1,16.77564862949741,16.51589929478944,1,1,ACTION_1,ACTION_1,15.928350769110207,0.2597493347079727,0.016307359027508586,False,False,False,SIMULATED_METHOD_VALIDATION,sigma_0.3,0.3
1,5.81785823659845,6.108341742975894,1,1,ACTION_1,ACTION_1,4.970560376211247,0.290483506377444,0.058440796286808566,False,False,False,SIMULATED_METHOD_VALIDATION,sigma_0.3,0.3
1,2.5385286742630733,2.0336677427783316,1,1,ACTION_1,ACTION_1,1.6912308138758698,0.5048609314847416,0.2985168714657753,False,False,False,SIMULATED_METHOD_VALIDATION,sigma_0.3,0.3
1,9.765415720050882,9.66495021105515,1,1,ACTION_1,ACTION_1,8.918117859663678,0.10046550899573248,0.011265326448547436,False,False,False,SIMULATED_METHOD_VALIDATION,sigma_0.3,0.3
0,-12.9461913077925,-12.897365388260997,0,0,ACTION_0,ACTION_0,12.098893447405295,0.04882591953150239,0.004035569016600729,False,False,False,SIMULATED_METHOD_VALIDATION,sigma_0.3,0.3
0,-4.370195510106793,-4.19432881069901,0,0,ACTION_0,ACTION_0,3.5228976497195896,0.17586669940778332,0.0499210357194969,False,False,False,SIMULATED_METHOD_VALIDATION,sigma_0.3,0.3
1,7.2607656696569585,7.474133643594815,1,1,ACTION_1,ACTION_1,6.413467809269755,0.21336797393785645,0.033268737020783576,False,False,False,SIMULATED_METHOD_VALIDATION,sigma_0.3,0.3
1,1.4951227863639147,1.7331269569238923,1,1,ACTION_1,ACTION_1,0.6478249259767113,0.23800417055997758,0.36738964651775935,False,False,True,SIMULATED_METHOD_VALIDATION,sigma_0.3,0.3
1,3.162608512414735,3.057990990740204,1,1,ACTION_1,ACTION_1,2.3153106520275317,0.10461752167453131,0.04518509064125676,False,False,False,SIMULATED_METHOD_VALIDATION,sigma_0.3,0.3
1,7.727230931878097,7.588525394078727,1,1,ACTION_1,ACTION_1,6.8799330714908935,0.13870553779937023,0.020160884758332758,False,False,False,SIMULATED_METHOD_VALIDATION,sigma_0.3,0.3
1,4.607143462655852,4.864536227032998,1,1,ACTION_1,ACTION_1,3.7598456022686486,0.25739276437714587,0.06845833356078185,False,False,False,SIMULATED_METHOD_VALIDATION,sigma_0.3,0.3
0,-3.1267715389221316,-3.184162836386616,0,0,ACTION_0,ACTION_0,2.279473678534928,0.05739129746448457,0.025177433722933497,False,False,False,SIMULATED_METHOD_VALIDATION,sigma_0.3,0.3
1,7.816205905302137,7.4335000083007605,1,1,ACTION_1,ACTION_1,6.968908044914934,0.3827058970013768,0.05491619268539915,False,False,False,SIMULATED_METHOD_VALIDATION,sigma_0.3,0.3
0,-6.958679837028161,-7.298666001229205,0,0,ACTION_0,ACTION_0,6.111381976640957,0.33998616420104444,0.05563163381057609,False,False,False,SIMULATED_METHOD_VALIDATION,sigma_0.3,0.3
1,2.3294430527874006,2.0536073669869173,1,1,ACTION_1,ACTION_1,1.4821451924001972,0.27583568580048334,0.18610571165014742,False,False,True,SIMULATED_METHOD_VALIDATION,sigma_0.3,0.3
1,5.142125072169797,5.291273295385927,1,1,ACTION_1,ACTION_1,4.294827211782594,0.14914822321612942,0.03472740947690525,False,False,False,SIMULATED_METHOD_VALIDATION,sigma_0.3,0.3
0,-10.345578411714126,-10.302850690892956,0,0,ACTION_0,ACTION_0,9.498280551326921,0.04272772082116916,0.004498469021869442,False,False,False,SIMULATED_METHOD_VALIDATION,sigma_0.3,0.3
1,5.253821349240152,5.460966955460482,1,1,ACTION_1,ACTION_1,4.406523488852948,0.2071456062203305,0.04700885102379248,False,False,False,SIMULATED_METHOD_VALIDATION,sigma_0.3,0.3
1,7.0311308223686595,6.902955028467699,1,1,ACTION_1,ACTION_1,6.183832961981456,0.12817579390096068,0.020727564067301377,False,False,False,SIMULATED_METHOD_VALIDATION,sigma_0.3,0.3
1,9.721509638123539,9.769071545446554,1,1,ACTION_1,ACTION_1,8.874211777736335,0.04756190732301491,0.00535956415220318,False,False,False,SIMULATED_METHOD_VALIDATION,sigma_0.3,0.3
1,4.276990648714026,4.464667766904227,1,1,ACTION_1,ACTION_1,3.4296927883268227,0.1876771181902006,0.05472126215764036,False,False,False,SIMULATED_METHOD_VALIDATION,sigma_0.3,0.3
1,8.531459722247948,8.438655760331876,1,1,ACTION_1,ACTION_1,7.684161861860745,0.0928039619160721,0.012077304406703286,False,False,False,SIMULATED_METHOD_VALIDATION,sigma_0.3,0.3
0,-25.17403904658229,-25.037006475315067,0,0,ACTION_0,ACTION_0,24.326741186195086,0.13703257126722335,0.00563300156886556,False,False,False,SIMULATED_METHOD_VALIDATION,sigma_0.3,0.3
1,4.83158185656956,4.633004074249564,1,1,ACTION_1,ACTION_1,3.9842839961823566,0.19857778231999568,0.049840268040698917,False,False,False,SIMULATED_METHOD_VALIDATION,sigma_0.3,0.3
0,-10.41500221904295,-10.523918373012473,0,0,ACTION_0,ACTION_0,9.567704358655746,0.10891615396952226,0.011383729041647027,False,False,False,SIMULATED_METHOD_VALIDATION,sigma_0.3,0.3
1,9.856481934263464,9.741960566063964,1,1,ACTION_1,ACTION_1,9.00918407387626,0.11452136819949921,0.012711624855304533,False,False,False,SIMULATED_METHOD_VALIDATION,sigma_0.3,0.3
1,5.148056354851629,4.789304461174917,1,1,ACTION_1,ACTION_1,4.300758494464426,0.358751893676712,0.08341595886829434,False,False,False,SIMULATED_METHOD_VALIDATION,sigma_0.3,0.3
1,6.313041268611006,6.45913301284668,1,1,ACTION_1,ACTION_1,5.465743408223802,0.14609174423567417,0.026728613717186822,False,False,False,SIMULATED_METHOD_VALIDATION,sigma_0.3,0.3
0,-10.583063297321733,-10.723883999382549,0,0,ACTION_0,ACTION_0,9.735765436934528,0.14082070206081632,0.014464266109635866,False,False,False,SIMULATED_METHOD_VALIDATION,sigma_0.3,0.3
1,4.82412156550026,4.827869801118566,1,1,ACTION_1,ACTION_1,3.9768237051130564,0.0037482356183060617,0.0009425199345615709,False,False,False,SIMULATED_METHOD_VALIDATION,sigma_0.3,0.3
0,-4.846298488565321,-4.702074490893548,0,0,ACTION_0,ACTION_0,3.999000628178117,0.14422399767177296,0.03606501000663238,False,False,False,SIMULATED_METHOD_VALIDATION,sigma_0.3,0.3
1,8.246358812505601,8.380318165314584,1,1,ACTION_1,ACTION_1,7.399060952118398,0.13395935280898286,0.018104912728233363,False,False,False,SIMULATED_METHOD_VALIDATION,sigma_0.3,0.3
1,0.7616962087415864,0.9613117414334222,1,1,REVIEW,ACTION_1,0.08560165164561706,0.19961553269183585,2.331912163543593,False,True,True,SIMULATED_METHOD_VALIDATION,sigma_0.3,0.3
1,9.281828440114833,9.252282794762005,1,1,ACTION_1,ACTION_1,8.434530579727628,0.029545645352827776,0.003502938909705379,False,False,False,SIMULATED_METHOD_VALIDATION,sigma_0.3,0.3
1,8.289261806012053,8.162272312398807,1,1,ACTION_1,ACTION_1,7.44196394562485,0.1269894936132463,0.01706397592639558,False,False,False,SIMULATED_METHOD_VALIDATION,sigma_0.3,0.3
1,7.234913838127294,7.210998374855374,1,1,ACTION_1,ACTION_1,6.387615977740091,0.023915463271920068,0.0037440358586461626,False,False,False,SIMULATED_METHOD_VALIDATION,sigma_0.3,0.3
1,12.351824386832767,11.845624056645358,1,1,ACTION_1,ACTION_1,11.504526526445563,0.5062003301874096,0.044000101092713566,False,False,False,SIMULATED_METHOD_VALIDATION,sigma_0.3,0.3
1,6.868596459532657,6.434462717805731,1,1,ACTION_1,ACTION_1,6.021298599145454,0.4341337417269262,0.07209968656736916,False,False,False,SIMULATED_METHOD_VALIDATION,sigma_0.3,0.3
0,-3.190481883796341,-3.587291767502662,0,0,ACTION_0,ACTION_0,2.3431840234091377,0.39680988370632075,0.16934644472737373,False,False,False,SIMULATED_METHOD_VALIDATION,sigma_0.3,0.3
1,5.653319310676391,5.354145262395947,1,1,ACTION_1,ACTION_1,4.806021450289188,0.29917404828044436,0.062249836247077604,False,False,False,SIMULATED_METHOD_VALIDATION,sigma_0.3,0.3
0,-13.136191480458063,-13.016259212441032,0,0,ACTION_0,ACTION_0,12.288893620070859,0.11993226801703116,0.009759403224156124,False,False,False,SIMULATED_METHOD_VALIDATION,sigma_0.3,0.3
0,-5.65116841750633,-5.9228121341143485,0,0,ACTION_0,ACTION_0,4.803870557119127,0.27164371660801834,0.05654684350423518,False,False,False,SIMULATED_METHOD_VALIDATION,sigma_0.3,0.3
1,3.0708800839719252,2.957431317760108,1,1,ACTION_1,ACTION_1,2.223582223584722,0.1134487662118171,0.05102072008334462,False,False,False,SIMULATED_METHOD_VALIDATION,sigma_0.3,0.3
0,-9.961847321061388,-9.572078831725568,0,0,ACTION_0,ACTION_0,9.114549460674183,0.38976848933582,0.042763330323404666,False,False,False,SIMULATED_METHOD_VALIDATION,sigma_0.3,0.3
1,2.0925575325683923,1.9856783412499646,1,1,ACTION_1,ACTION_1,1.2452596721811888,0.10687919131842771,0.08582883851945419,False,False,True,SIMULATED_METHOD_VALIDATION,sigma_0.3,0.3
1,2.26995979327603,2.491214463816156,1,1,ACTION_1,ACTION_1,1.4226619328888264,0.22125467054012615,0.15552160736518145,False,False,True,SIMULATED_METHOD_VALIDATION,sigma_0.3,0.3
0,-10.224512123084931,-10.504597427087894,0,0,ACTION_0,ACTION_0,9.377214262697727,0.28008530400296294,0.02986871112854206,False,False,False,SIMULATED_METHOD_VALIDATION,sigma_0.3,0.3
0,-6.16604769371968,-6.2276789610799685,0,0,ACTION_0,ACTION_0,5.318749833332476,0.06163126736028879,0.01158754769288962,False,False,False,SIMULATED_METHOD_VALIDATION,sigma_0.3,0.3
1,13.506903964131698,13.221897347658524,1,1,ACTION_1,ACTION_1,12.659606103744494,0.28500661647317393,0.02251307142872904,False,False,False,SIMULATED_METHOD_VALIDATION,sigma_0.3,0.3
1,8.713214748585624,8.611504825815455,1,1,ACTION_1,ACTION_1,7.865916888198421,0.10170992277016921,0.012930459883547595,False,False,False,SIMULATED_METHOD_VALIDATION,sigma_0.3,0.3
0,-2.7100096813215764,-2.457917240084358,0,0,ACTION_0,ACTION_0,1.862711820934373,0.2520924412372185,0.1353362545961425,False,False,False,SIMULATED_METHOD_VALIDATION,sigma_0.3,0.3
0,-15.515048879196936,-16.03324500615464,0,0,ACTION_0,ACTION_0,14.667751018809732,0.5181961269577045,0.035328942132517555,False,False,False,SIMULATED_METHOD_VALIDATION,sigma_0.3,0.3
0,-3.4811399057619035,-3.3508128126981465,0,0,ACTION_0,ACTION_0,2.6338420453747,0.130327093063757,0.04948174219202891,False,False,False,SIMULATED_METHOD_VALIDATION,sigma_0.3,0.3
1,2.6633661467985235,2.734686827498207,1,1,ACTION_1,ACTION_1,1.81606828641132,0.07132068069968334,0.03927202585571166,False,False,False,SIMULATED_METHOD_VALIDATION,sigma_0.3,0.3
1,5.943345567555742,5.7651005808467035,1,1,ACTION_1,ACTION_1,5.096047707168538,0.17824498670903832,0.0349771032281161,False,False,False,SIMULATED_METHOD_VALIDATION,sigma_0.3,0.3
1,2.5861730581676845,2.1523557018511483,1,1,ACTION_1,ACTION_1,1.738875197780481,0.4338173563165362,0.24948159411915546,False,False,False,SIMULATED_METHOD_VALIDATION,sigma_0.3,0.3
1,2.8332824615872276,3.137999541341659,1,1,ACTION_1,ACTION_1,1.9859846012000242,0.3047170797544312,0.1534337575277809,False,False,False,SIMULATED_METHOD_VALIDATION,sigma_1,1.0
1,5.685447193746231,4.6454630875057354,1,1,ACTION_1,ACTION_1,4.838149333359028,1.039984106240496,0.21495494135945908,False,False,False,SIMULATED_METHOD_VALIDATION,sigma_1,1.0
0,-12.954214692234583,-12.203763496428126,0,0,ACTION_0,ACTION_0,12.106916831847379,0.7504511958064572,0.06198532675407393,False,False,False,SIMULATED_METHOD_VALIDATION,sigma_1,1.0
0,-13.602830700444716,-12.662265984053503,0,0,ACTION_0,ACTION_0,12.755532840057512,0.9405647163912132,0.0737377832964736,False,False,False,SIMULATED_METHOD_VALIDATION,sigma_1,1.0
0,0.4754401414300311,-1.4755950472238053,1,0,REVIEW,ACTION_0,0.37185771895717235,1.9510351886538364,5.246724995047209,True,True,True,SIMULATED_METHOD_VALIDATION,sigma_1,1.0
0,-4.962623475134766,-6.264802981997084,0,0,ACTION_0,ACTION_0,4.1153256147475625,1.302179506862318,0.31642198668213883,False,False,False,SIMULATED_METHOD_VALIDATION,sigma_1,1.0
0,-5.686292471547457,-5.558452068380172,0,0,ACTION_0,ACTION_0,4.8389946111602535,0.1278404031672853,0.02641879428268939,False,False,False,SIMULATED_METHOD_VALIDATION,sigma_1,1.0
1,3.100483483435312,2.78424089109173,1,1,ACTION_1,ACTION_1,2.2531856230481084,0.3162425923435821,0.14035354615647214,False,False,False,SIMULATED_METHOD_VALIDATION,sigma_1,1.0
1,6.479704597615388,6.462903440111099,1,1,ACTION_1,ACTION_1,5.632406737228185,0.01680115750428879,0.002982944643049156,False,False,False,SIMULATED_METHOD_VALIDATION,sigma_1,1.0
0,-15.205132179141163,-16.058176106714743,0,0,ACTION_0,ACTION_0,14.357834318753959,0.8530439275735802,0.0594131335294313,False,False,False,SIMULATED_METHOD_VALIDATION,sigma_1,1.0
0,-12.928766935939262,-12.049368961076434,0,0,ACTION_0,ACTION_0,12.081469075552057,0.8793979748628278,0.07278899357052272,False,False,False,SIMULATED_METHOD_VALIDATION,sigma_1,1.0
1,8.909057859891398,9.686849795320347,1,1,ACTION_1,ACTION_1,8.061759999504194,0.7777919354289491,0.09647917272119041,False,False,False,SIMULATED_METHOD_VALIDATION,sigma_1,1.0
0,-2.443560563865283,-2.377529866304067,0,0,ACTION_0,ACTION_0,1.5962627034780796,0.06603069756121593,0.04136580865877675,False,False,False,SIMULATED_METHOD_VALIDATION,sigma_1,1.0
0,-11.933831774861407,-10.806590567893373,0,0,ACTION_0,ACTION_0,11.086533914474202,1.1272412069680335,0.10167661197485227,False,False,False,SIMULATED_METHOD_VALIDATION,sigma_1,1.0
1,2.1311686486357644,2.59867799088781,1,1,ACTION_1,ACTION_1,1.283870788248561,0.46750934225204555,0.3641404933667939,False,False,True,SIMULATED_METHOD_VALIDATION,sigma_1,1.0
0,-2.9705950850747733,-3.8298875479580117,0,0,ACTION_0,ACTION_0,2.12329722468757,0.8592924628832384,0.40469721002422443,False,False,False,SIMULATED_METHOD_VALIDATION,sigma_1,1.0
1,4.381688198493954,4.750438982576453,1,1,ACTION_1,ACTION_1,3.5343903381067507,0.36875078408249884,0.10433221823485002,False,False,False,SIMULATED_METHOD_VALIDATION,sigma_1,1.0
1,4.086248850490957,3.127366249661958,1,1,ACTION_1,ACTION_1,3.2389509901037536,0.958882600828999,0.29604727078574383,False,False,False,SIMULATED_METHOD_VALIDATION,sigma_1,1.0
1,4.915741589117683,5.794191890424956,1,1,ACTION_1,ACTION_1,4.06844372873048,0.8784503013072724,0.21591801678461084,False,False,False,SIMULATED_METHOD_VALIDATION,sigma_1,1.0
1,5.720201028618742,5.67027511763249,1,1,ACTION_1,ACTION_1,4.872903168231539,0.04992591098625265,0.010245619349003324,False,False,False,SIMULATED_METHOD_VALIDATION,sigma_1,1.0
1,6.838847380389783,6.653985016844523,1,1,ACTION_1,ACTION_1,5.99154952000258,0.18486236354526042,0.030853848896367102,False,False,False,SIMULATED_METHOD_VALIDATION,sigma_1,1.0
1,6.895073792527683,6.214144248123741,1,1,ACTION_1,ACTION_1,6.047775932140479,0.6809295444039414,0.1125917282724033,False,False,False,SIMULATED_METHOD_VALIDATION,sigma_1,1.0
0,2.6064364007504217,3.828977739424452,1,1,ACTION_1,ACTION_1,1.7591385403632183,1.2225413386740303,0.6949659225939112,False,False,False,SIMULATED_METHOD_VALIDATION,sigma_1,1.0
0,-5.662890680384169,-5.817420162452971,0,0,ACTION_0,ACTION_0,4.815592819996966,0.1545294820688019,0.03208939954954482,False,False,False,SIMULATED_METHOD_VALIDATION,sigma_1,1.0
1,6.124791303862647,5.69646348169954,1,1,ACTION_1,ACTION_1,5.277493443475444,0.42832782216310683,0.08116122298411338,False,False,False,SIMULATED_METHOD_VALIDATION,sigma_1,1.0
1,8.181410697080242,7.829277146592013,1,1,ACTION_1,ACTION_1,7.334112836693039,0.3521335504882295,0.04801310783309505,False,False,False,SIMULATED_METHOD_VALIDATION,sigma_1,1.0
1,1.1370365414498487,1.6693457270031975,1,1,ACTION_1,ACTION_1,0.2897386810626452,0.5323091855533488,1.8372044202073825,False,False,True,SIMULATED_METHOD_VALIDATION,sigma_1,1.0
0,0.5421966101057514,0.9076406744698298,1,1,REVIEW,ACTION_1,0.3051012502814521,0.3654440643640784,1.1977796355372547,False,True,True,SIMULATED_METHOD_VALIDATION,sigma_1,1.0
1,4.844376678166977,5.257109289762965,1,1,ACTION_1,ACTION_1,3.997078817779774,0.4127326115959882,0.10325856216796984,False,False,False,SIMULATED_METHOD_VALIDATION,sigma_1,1.0
1,4.828414573920913,5.259235576928796,1,1,ACTION_1,ACTION_1,3.9811167135337096,0.43082100300788273,0.108216119749345,False,False,False,SIMULATED_METHOD_VALIDATION,sigma_1,1.0
0,-39.95566756709209,-37.81401996622163,0,0,ACTION_0,ACTION_0,39.10836970670489,2.1416476008704635,0.05476187365855067,False,False,False,SIMULATED_METHOD_VALIDATION,sigma_1,1.0
0,-2.748492457584458,-3.1549074739690735,0,0,ACTION_0,ACTION_0,1.9011945971972546,0.4064150163846154,0.21376823655177296,False,False,False,SIMULATED_METHOD_VALIDATION,sigma_1,1.0
1,10.342035612655767,9.82979288358423,1,1,ACTION_1,ACTION_1,9.494737752268563,0.5122427290715379,0.05395017139353307,False,False,False,SIMULATED_METHOD_VALIDATION,sigma_1,1.0
0,-15.921893766136574,-16.73566649438445,0,0,ACTION_0,ACTION_0,15.07459590574937,0.8137727282478764,0.0539830542281739,False,False,False,SIMULATED_METHOD_VALIDATION,sigma_1,1.0
1,6.812852322495189,7.428831745070685,1,1,ACTION_1,ACTION_1,5.965554462107986,0.6159794225754958,0.10325602196544754,False,False,False,SIMULATED_METHOD_VALIDATION,sigma_1,1.0
1,6.314599824154026,7.443572116874918,1,1,ACTION_1,ACTION_1,5.467301963766823,1.128972292720892,0.20649532442196786,False,False,False,SIMULATED_METHOD_VALIDATION,sigma_1,1.0
1,3.0325436600223767,2.918596202367502,1,1,ACTION_1,ACTION_1,2.1852457996351733,0.1139474576548749,0.052144000310582195,False,False,False,SIMULATED_METHOD_VALIDATION,sigma_1,1.0
1,6.852079322309017,6.011922845346488,1,1,ACTION_1,ACTION_1,6.004781461921813,0.8401564769625285,0.13991458012089567,False,False,False,SIMULATED_METHOD_VALIDATION,sigma_1,1.0
1,1.1522605747221029,0.3277793590308633,1,1,ACTION_1,REVIEW,0.3049627143348994,0.8244812156912396,2.7035476041370194,False,True,True,SIMULATED_METHOD_VALIDATION,sigma_1,1.0
1,4.950312248316049,5.60090503614075,1,1,ACTION_1,ACTION_1,4.103014387928845,0.6505927878247011,0.15856458844959423,False,False,False,SIMULATED_METHOD_VALIDATION,sigma_1,1.0
1,3.2547401547179184,3.997994325921361,1,1,ACTION_1,ACTION_1,2.407442294330715,0.7432541712034424,0.3087318740531108,False,False,False,SIMULATED_METHOD_VALIDATION,sigma_1,1.0
1,6.783458090389772,7.326612358694967,1,1,ACTION_1,ACTION_1,5.936160230002568,0.5431542683051953,0.09149926000312164,False,False,False,SIMULATED_METHOD_VALIDATION,sigma_1,1.0
1,7.135469633182346,6.469959925893652,1,1,ACTION_1,ACTION_1,6.288171772795143,0.6655097072886944,0.10583516661677803,False,False,False,SIMULATED_METHOD_VALIDATION,sigma_1,1.0
0,-26.040160230352836,-25.807998907286116,0,0,ACTION_0,ACTION_0,25.19286236996563,0.23216132306671966,0.009215361067644985,False,False,False,SIMULATED_METHOD_VALIDATION,sigma_1,1.0
1,8.769595055402682,8.88628086454341,1,1,ACTION_1,ACTION_1,7.922297195015479,0.11668580914072813,0.014728784627537586,False,False,False,SIMULATED_METHOD_VALIDATION,sigma_1,1.0
1,4.1047784704809835,4.323467067209997,1,1,ACTION_1,ACTION_1,3.25748061009378,0.21868859672901308,0.06713427427668318,False,False,False,SIMULATED_METHOD_VALIDATION,sigma_1,1.0
0,-10.169408530996787,-9.297979753048597,0,0,ACTION_0,ACTION_0,9.322110670609582,0.8714287779481893,0.09347977177481907,False,False,False,SIMULATED_METHOD_VALIDATION,sigma_1,1.0
1,5.653868087146023,5.877463635920705,1,1,ACTION_1,ACTION_1,4.8065702267588195,0.22359554877468213,0.04651873128366996,False,False,False,SIMULATED_METHOD_VALIDATION,sigma_1,1.0
0,-4.4902364043650245,-3.8113228412931295,0,0,ACTION_0,ACTION_0,3.642938543977821,0.678913563071895,0.18636426469346126,False,False,False,SIMULATED_METHOD_VALIDATION,sigma_1,1.0
1,8.551947665141736,8.619526734630627,1,1,ACTION_1,ACTION_1,7.704649804754532,0.06757906948889136,0.008771205856389266,False,False,False,SIMULATED_METHOD_VALIDATION,sigma_1,1.0
1,6.467557905672912,6.7566773043628965,1,1,ACTION_1,ACTION_1,5.6202600452857086,0.2891193986899845,0.05144235255315254,False,False,False,SIMULATED_METHOD_VALIDATION,sigma_1,1.0
0,-9.153303774979445,-8.522015549140905,0,0,ACTION_0,ACTION_0,8.306005914592241,0.6312882258385404,0.07600382570514118,False,False,False,SIMULATED_METHOD_VALIDATION,sigma_1,1.0
0,-0.7713139467044172,-2.2284697665600834,0,0,REVIEW,ACTION_0,0.07598391368278634,1.4571558198556662,19.177161970610303,False,True,True,SIMULATED_METHOD_VALIDATION,sigma_1,1.0
0,-3.0873103719449624,-3.406981588302264,0,0,ACTION_0,ACTION_0,2.240012511557759,0.31967121635730145,0.14270956733852988,False,False,False,SIMULATED_METHOD_VALIDATION,sigma_1,1.0
1,5.647746729328464,5.177374075035669,1,1,ACTION_1,ACTION_1,4.8004488689412605,0.4703726542927953,0.09798513995974215,False,False,False,SIMULATED_METHOD_VALIDATION,sigma_1,1.0
0,-11.466636846645581,-12.105514694888923,0,0,ACTION_0,ACTION_0,10.619338986258377,0.6388778482433413,0.060161734084396505,False,False,False,SIMULATED_METHOD_VALIDATION,sigma_1,1.0
0,-0.49230568619243087,-0.7674479374191145,0,0,REVIEW,REVIEW,0.3549921741947727,0.2751422512266837,0.7750656809570176,False,False,True,SIMULATED_METHOD_VALIDATION,sigma_1,1.0
0,-19.756457846697632,-18.261516535463237,0,0,ACTION_0,ACTION_0,18.909159986310428,1.4949413112343954,0.07905910745462415,False,False,False,SIMULATED_METHOD_VALIDATION,sigma_1,1.0
1,16.77564862949741,15.909817513804168,1,1,ACTION_1,ACTION_1,15.928350769110207,0.8658311156932434,0.0543578634250287,False,False,False,SIMULATED_METHOD_VALIDATION,sigma_1,1.0
1,5.81785823659845,6.786136591189932,1,1,ACTION_1,ACTION_1,4.970560376211247,0.9682783545914813,0.1948026542893621,False,False,False,SIMULATED_METHOD_VALIDATION,sigma_1,1.0
1,2.5385286742630733,0.8556589026472685,1,1,ACTION_1,ACTION_1,1.6912308138758698,1.6828697716158048,0.9950562382192507,False,False,False,SIMULATED_METHOD_VALIDATION,sigma_1,1.0
1,9.765415720050882,9.430530690065106,1,1,ACTION_1,ACTION_1,8.918117859663678,0.3348850299857755,0.037551088161824855,False,False,False,SIMULATED_METHOD_VALIDATION,sigma_1,1.0
0,-12.9461913077925,-12.783438242687494,0,0,ACTION_0,ACTION_0,12.098893447405295,0.1627530651050062,0.013451896722002284,False,False,False,SIMULATED_METHOD_VALIDATION,sigma_1,1.0
0,-4.370195510106793,-3.783973178747515,0,0,ACTION_0,ACTION_0,3.5228976497195896,0.586222331359278,0.1664034523983231,False,False,False,SIMULATED_METHOD_VALIDATION,sigma_1,1.0
1,7.2607656696569585,7.971992249449814,1,1,ACTION_1,ACTION_1,6.413467809269755,0.7112265797928554,0.11089579006927869,False,False,False,SIMULATED_METHOD_VALIDATION,sigma_1,1.0
1,1.4951227863639147,2.28847002156384,1,1,ACTION_1,ACTION_1,0.6478249259767113,0.7933472351999251,1.2246321550591976,False,False,True,SIMULATED_METHOD_VALIDATION,sigma_1,1.0
1,3.162608512414735,2.8138834401662978,1,1,ACTION_1,ACTION_1,2.3153106520275317,0.3487250722484374,0.15061696880418907,False,False,False,SIMULATED_METHOD_VALIDATION,sigma_1,1.0
1,7.727230931878097,7.26487913921353,1,1,ACTION_1,ACTION_1,6.8799330714908935,0.46235179266456683,0.06720294919444243,False,False,False,SIMULATED_METHOD_VALIDATION,sigma_1,1.0
1,4.607143462655852,5.465119343913006,1,1,ACTION_1,ACTION_1,3.7598456022686486,0.8579758812571541,0.22819444520260648,False,False,False,SIMULATED_METHOD_VALIDATION,sigma_1,1.0
0,-3.1267715389221316,-3.3180758638037466,0,0,ACTION_0,ACTION_0,2.279473678534928,0.19130432488161508,0.08392477907644492,False,False,False,SIMULATED_METHOD_VALIDATION,sigma_1,1.0
1,7.816205905302137,6.540519581964215,1,1,ACTION_1,ACTION_1,6.968908044914934,1.275686323337922,0.1830539756179971,False,False,False,SIMULATED_METHOD_VALIDATION,sigma_1,1.0
0,-6.958679837028161,-8.091967051031641,0,0,ACTION_0,ACTION_0,6.111381976640957,1.1332872140034809,0.18543877936858688,False,False,False,SIMULATED_METHOD_VALIDATION,sigma_1,1.0
1,2.3294430527874006,1.4099907667857892,1,1,ACTION_1,ACTION_1,1.4821451924001972,0.9194522860016114,0.6203523721671582,False,False,True,SIMULATED_METHOD_VALIDATION,sigma_1,1.0
1,5.142125072169797,5.639285816223562,1,1,ACTION_1,ACTION_1,4.294827211782594,0.4971607440537644,0.1157580315896841,False,False,False,SIMULATED_METHOD_VALIDATION,sigma_1,1.0
0,-10.345578411714126,-10.20315267564356,0,0,ACTION_0,ACTION_0,9.498280551326921,0.14242573607056563,0.014994896739564993,False,False,False,SIMULATED_METHOD_VALIDATION,sigma_1,1.0
1,5.253821349240152,5.9443067033079195,1,1,ACTION_1,ACTION_1,4.406523488852948,0.6904853540677678,0.1566961700793081,False,False,False,SIMULATED_METHOD_VALIDATION,sigma_1,1.0
1,7.0311308223686595,6.603878176032126,1,1,ACTION_1,ACTION_1,6.183832961981456,0.4272526463365338,0.06909188022433764,False,False,False,SIMULATED_METHOD_VALIDATION,sigma_1,1.0
1,9.721509638123539,9.880049329200252,1,1,ACTION_1,ACTION_1,8.874211777736335,0.1585396910767134,0.017865213840676932,False,False,False,SIMULATED_METHOD_VALIDATION,sigma_1,1.0
1,4.276990648714026,4.902581042681363,1,1,ACTION_1,ACTION_1,3.4296927883268227,0.6255903939673368,0.18240420719213496,False,False,False,SIMULATED_METHOD_VALIDATION,sigma_1,1.0
1,8.531459722247948,8.22211318252771,1,1,ACTION_1,ACTION_1,7.684161861860745,0.30934653972023796,0.04025768135567731,False,False,False,SIMULATED_METHOD_VALIDATION,sigma_1,1.0
0,-25.17403904658229,-24.717263809024878,0,0,ACTION_0,ACTION_0,24.326741186195086,0.45677523755741234,0.01877667189621858,False,False,False,SIMULATED_METHOD_VALIDATION,sigma_1,1.0
1,4.83158185656956,4.169655915502909,1,1,ACTION_1,ACTION_1,3.9842839961823566,0.6619259410666514,0.1661342268023295,False,False,False,SIMULATED_METHOD_VALIDATION,sigma_1,1.0
0,-10.41500221904295,-10.778056065608022,0,0,ACTION_0,ACTION_0,9.567704358655746,0.3630538465650712,0.037945763472156446,False,False,False,SIMULATED_METHOD_VALIDATION,sigma_1,1.0
1,9.856481934263464,9.474744040265135,1,1,ACTION_1,ACTION_1,9.00918407387626,0.3817378939983289,0.04237208285101491,False,False,False,SIMULATED_METHOD_VALIDATION,sigma_1,1.0
1,5.148056354851629,3.95221670926259,1,1,ACTION_1,ACTION_1,4.300758494464426,1.1958396455890394,0.2780531962276476,False,False,False,SIMULATED_METHOD_VALIDATION,sigma_1,1.0
1,6.313041268611006,6.800013749396587,1,1,ACTION_1,ACTION_1,5.465743408223802,0.48697248078558175,0.08909537905728962,False,False,False,SIMULATED_METHOD_VALIDATION,sigma_1,1.0
0,-10.583063297321733,-11.052465637524456,0,0,ACTION_0,ACTION_0,9.735765436934528,0.4694023402027234,0.04821422036545313,False,False,False,SIMULATED_METHOD_VALIDATION,sigma_1,1.0
1,4.82412156550026,4.836615684227947,1,1,ACTION_1,ACTION_1,3.9768237051130564,0.012494118727687464,0.003141733115205385,False,False,False,SIMULATED_METHOD_VALIDATION,sigma_1,1.0
0,-4.846298488565321,-4.365551829659411,0,0,ACTION_0,ACTION_0,3.999000628178117,0.4807466589059093,0.12021670002210778,False,False,False,SIMULATED_METHOD_VALIDATION,sigma_1,1.0
1,8.246358812505601,8.692889988535546,1,1,ACTION_1,ACTION_1,7.399060952118398,0.44653117602994463,0.060349709094111456,False,False,False,SIMULATED_METHOD_VALIDATION,sigma_1,1.0
1,0.7616962087415864,1.4270813177143726,1,1,REVIEW,ACTION_1,0.08560165164561706,0.6653851089727862,7.773040545145311,False,True,True,SIMULATED_METHOD_VALIDATION,sigma_1,1.0
1,9.281828440114833,9.18334295560541,1,1,ACTION_1,ACTION_1,8.434530579727628,0.09848548450942296,0.011676463032350912,False,False,False,SIMULATED_METHOD_VALIDATION,sigma_1,1.0
1,8.289261806012053,7.865963493967899,1,1,ACTION_1,ACTION_1,7.44196394562485,0.423298312044154,0.05687991975465189,False,False,False,SIMULATED_METHOD_VALIDATION,sigma_1,1.0
1,7.234913838127294,7.155195627220896,1,1,ACTION_1,ACTION_1,6.387615977740091,0.07971821090639875,0.01248011952882031,False,False,False,SIMULATED_METHOD_VALIDATION,sigma_1,1.0
1,12.351824386832767,10.664489952874737,1,1,ACTION_1,ACTION_1,11.504526526445563,1.6873344339580303,0.1466670036423784,False,False,False,SIMULATED_METHOD_VALIDATION,sigma_1,1.0
1,6.868596459532657,5.42148398710957,1,1,ACTION_1,ACTION_1,6.021298599145454,1.447112472423087,0.24033228855789715,False,False,False,SIMULATED_METHOD_VALIDATION,sigma_1,1.0
0,-3.190481883796341,-4.513181496150743,0,0,ACTION_0,ACTION_0,2.3431840234091377,1.322699612354402,0.5644881490912456,False,False,False,SIMULATED_METHOD_VALIDATION,sigma_1,1.0
1,5.653319310676391,4.656072483074909,1,1,ACTION_1,ACTION_1,4.806021450289188,0.9972468276014821,0.20749945415692556,False,False,False,SIMULATED_METHOD_VALIDATION,sigma_1,1.0
0,-13.136191480458063,-12.736417253734626,0,0,ACTION_0,ACTION_0,12.288893620070859,0.3997742267234372,0.032531344080520413,False,False,False,SIMULATED_METHOD_VALIDATION,sigma_1,1.0
0,-5.65116841750633,-6.556647472866391,0,0,ACTION_0,ACTION_0,4.803870557119127,0.9054790553600611,0.1884894783474506,False,False,False,SIMULATED_METHOD_VALIDATION,sigma_1,1.0
1,3.0708800839719252,2.6927175299325357,1,1,ACTION_1,ACTION_1,2.223582223584722,0.3781625540393896,0.17006906694448173,False,False,False,SIMULATED_METHOD_VALIDATION,sigma_1,1.0
0,-9.961847321061388,-8.662619023275322,0,0,ACTION_0,ACTION_0,9.114549460674183,1.2992282977860654,0.14254443441134876,False,False,False,SIMULATED_METHOD_VALIDATION,sigma_1,1.0
1,2.0925575325683923,1.7362935615069663,1,1,ACTION_1,ACTION_1,1.2452596721811888,0.35626397106142593,0.2860961283981808,False,False,True,SIMULATED_METHOD_VALIDATION,sigma_1,1.0
1,2.26995979327603,3.0074753617431162,1,1,ACTION_1,ACTION_1,1.4226619328888264,0.7375155684670864,0.5184053578839376,False,False,True,SIMULATED_METHOD_VALIDATION,sigma_1,1.0
0,-10.224512123084931,-11.158129803094809,0,0,ACTION_0,ACTION_0,9.377214262697727,0.9336176800098777,0.09956237042847367,False,False,False,SIMULATED_METHOD_VALIDATION,sigma_1,1.0
0,-6.16604769371968,-6.37148525158731,0,0,ACTION_0,ACTION_0,5.318749833332476,0.20543755786763018,0.0386251589762989,False,False,False,SIMULATED_METHOD_VALIDATION,sigma_1,1.0
1,13.506903964131698,12.556881909221117,1,1,ACTION_1,ACTION_1,12.659606103744494,0.9500220549105816,0.07504357142909694,False,False,False,SIMULATED_METHOD_VALIDATION,sigma_1,1.0
1,8.713214748585624,8.374181672685062,1,1,ACTION_1,ACTION_1,7.865916888198421,0.33903307590056286,0.0431015329451585,False,False,False,SIMULATED_METHOD_VALIDATION,sigma_1,1.0
0,-2.7100096813215764,-1.8697015438641809,0,0,ACTION_0,ACTION_0,1.862711820934373,0.8403081374573955,0.45112084865380864,False,False,False,SIMULATED_METHOD_VALIDATION,sigma_1,1.0
0,-15.515048879196936,-17.242369302389285,0,0,ACTION_0,ACTION_0,14.667751018809732,1.7273204231923494,0.11776314044172527,False,False,False,SIMULATED_METHOD_VALIDATION,sigma_1,1.0
0,-3.4811399057619035,-3.046716262216046,0,0,ACTION_0,ACTION_0,2.6338420453747,0.4344236435458573,0.16493914064009657,False,False,False,SIMULATED_METHOD_VALIDATION,sigma_1,1.0
1,2.6633661467985235,2.9011017491308015,1,1,ACTION_1,ACTION_1,1.81606828641132,0.23773560233227808,0.13090675285237238,False,False,False,SIMULATED_METHOD_VALIDATION,sigma_1,1.0
1,5.943345567555742,5.349195611858947,1,1,ACTION_1,ACTION_1,5.096047707168538,0.5941499556967944,0.11659034409372032,False,False,False,SIMULATED_METHOD_VALIDATION,sigma_1,1.0
1,2.5861730581676845,1.14011520377923,1,1,ACTION_1,ACTION_1,1.738875197780481,1.4460578543884546,0.8316053137305186,False,False,False,SIMULATED_METHOD_VALIDATION,sigma_1,1.0
